timestamp,arrivalTime,idFrame,uplink_delay,car,*Queue,runNumber,sizeOfQueue
3.2570045524,3.2570045524,1,0.0030019836,car[0],(omnetpp::cQueue) empty,27,0
3.3640069772,3.3640069772,2,0.0060044084,car[0],(omnetpp::cQueue) empty,27,0
3.461002454,3.461002454,3,0.0029998852,car[0],(omnetpp::cQueue) empty,27,0
3.5670078812,3.5670078812,4,0.0090053124,car[0],(omnetpp::cQueue) empty,27,0
3.6670078812,3.6670078812,5,0.0090053124,car[0],(omnetpp::cQueue) empty,27,0
3.7590074444,3.7590074444,6,0.0010048756,car[0],(omnetpp::cQueue) empty,27,0
3.860007858,3.860007858,7,0.0020052892,car[0],(omnetpp::cQueue) empty,27,0
3.9670078812,3.9670078812,8,0.0090053124,car[0],(omnetpp::cQueue) empty,27,0
4.07601035,4.07601035,9,0.0180077812,car[0],(omnetpp::cQueue) empty,27,0
4.1640079436,4.1640079436,10,0.0060053748,car[0],(omnetpp::cQueue) empty,27,0
4.2670078812,4.2670078812,11,0.0090053124,car[0],(omnetpp::cQueue) empty,27,0
4.3600052812,4.3600052812,12,0.0020027124,car[0],(omnetpp::cQueue) empty,27,0
4.4610040612,4.4610040612,13,0.0030014924,car[0],(omnetpp::cQueue) empty,27,0
4.5710142308,4.5710142308,14,0.013011662,car[0],(omnetpp::cQueue) empty,27,0
4.6580065388,4.6580065388,15,0.00000397,car[0],(omnetpp::cQueue) empty,27,0
4.7590081612,4.7590081612,16,0.0010055924,car[0],(omnetpp::cQueue) empty,27,0
4.86200581,4.86200581,17,0.0040032412,car[0],(omnetpp::cQueue) empty,27,0
4.9650025908,4.9650025908,18,0.007000022,car[0],(omnetpp::cQueue) empty,27,0
5.0800128188,5.0800128188,19,0.02201025,car[0],(omnetpp::cQueue) empty,27,0
5.1630056396,5.1630056396,20,0.0050030708,car[0],(omnetpp::cQueue) empty,27,0
5.2590044444,5.2590044444,21,0.0010018756,car[0],(omnetpp::cQueue) empty,27,0
5.3630051884,5.3630051884,22,0.0050026196,car[0],(omnetpp::cQueue) empty,27,0
5.4610047812,5.4610047812,23,0.0030022124,car[0],(omnetpp::cQueue) empty,27,0
5.5590064308,5.5590064308,24,0.001003862,car[0],(omnetpp::cQueue) empty,27,0
5.6580018036,5.6580018036,25,0.000000582,car[0],(omnetpp::cQueue) empty,27,0
5.7650055324,5.7650055324,26,0.0070029636,car[0],(omnetpp::cQueue) empty,27,0
5.8620047788,5.8620047788,27,0.00400221,car[0],(omnetpp::cQueue) empty,27,0
5.9580074004,5.9580074004,28,0.0000048316,car[0],(omnetpp::cQueue) empty,27,0
6.0660055836,6.0660055836,29,0.0020030148,car[0],(omnetpp::cQueue) empty,27,0
6.1630035844,6.1630035844,30,0.0050010156,car[0],(omnetpp::cQueue) empty,27,0
6.2590025524,6.2590025524,31,0.0009999836,car[0],(omnetpp::cQueue) empty,27,0
6.362007066,6.362007066,32,0.0040044972,car[0],(omnetpp::cQueue) empty,27,0
6.462006018,6.462006018,33,0.0040034492,car[0],(omnetpp::cQueue) empty,27,0
6.5580056548,6.5580056548,34,0.000003086,car[0],(omnetpp::cQueue) empty,27,0
6.659007634,6.659007634,35,0.0010050652,car[0],(omnetpp::cQueue) empty,27,0
6.76300689,6.76300689,36,0.0050043212,car[0],(omnetpp::cQueue) empty,27,0
6.8640053268,6.8640053268,37,0.006002758,car[0],(omnetpp::cQueue) empty,27,0
6.9700054124,6.9700054124,38,0.0120028436,car[0],(omnetpp::cQueue) empty,27,0
7.058002406,7.058002406,39,0.0000007828,car[0],(omnetpp::cQueue) empty,27,0
7.1620061972,7.1620061972,40,0.0040036284,car[0],(omnetpp::cQueue) empty,27,0
7.2580076684,7.2580076684,41,0.0000050996,car[0],(omnetpp::cQueue) empty,27,0
7.3580081748,7.3580081748,42,0.000005606,car[0],(omnetpp::cQueue) empty,27,0
7.4640029748,7.4640029748,43,0.006000406,car[0],(omnetpp::cQueue) empty,27,0
7.5670054124,7.5670054124,44,0.0090028436,car[0],(omnetpp::cQueue) empty,27,0
7.6640056988,7.6640056988,45,0.00600313,car[0],(omnetpp::cQueue) empty,27,0
7.75800837,7.75800837,46,0.0000058012,car[0],(omnetpp::cQueue) empty,27,0
7.8670054124,7.8670054124,47,0.0090028436,car[0],(omnetpp::cQueue) empty,27,0
7.960004206,7.960004206,48,0.0020016372,car[0],(omnetpp::cQueue) empty,27,0
8.0910078812,8.0910078812,49,0.0270053124,car[0],(omnetpp::cQueue) empty,27,0
8.1580045572,8.1580045572,50,0.0000019884,car[0],(omnetpp::cQueue) empty,27,0
8.2620056364,8.2620056364,51,0.0040030676,car[0],(omnetpp::cQueue) empty,27,0
8.3690057812,8.3690057812,52,0.0110032124,car[0],(omnetpp::cQueue) empty,27,0
8.4610060588,8.4610060588,53,0.00300349,car[0],(omnetpp::cQueue) empty,27,0
8.5620065556,8.5620065556,54,0.0040039868,car[0],(omnetpp::cQueue) empty,27,0
8.6600025908,8.6600025908,55,0.002000022,car[0],(omnetpp::cQueue) empty,27,0
8.7700054124,8.7700054124,56,0.0120028436,car[0],(omnetpp::cQueue) empty,27,0
8.8700054124,8.8700054124,57,0.0120028436,car[0],(omnetpp::cQueue) empty,27,0
8.9680027924,8.9680027924,58,0.0100002236,car[0],(omnetpp::cQueue) empty,27,0
9.1000066468,9.1000066468,59,0.036004078,car[0],(omnetpp::cQueue) empty,27,0
9.1630059828,9.1630059828,60,0.005003414,car[0],(omnetpp::cQueue) empty,27,0
9.2650067156,9.2650067156,61,0.0070041468,car[0],(omnetpp::cQueue) empty,27,0
9.359007954,9.359007954,62,0.0010053852,car[0],(omnetpp::cQueue) empty,27,0
9.46400547,9.46400547,63,0.0060029012,car[0],(omnetpp::cQueue) empty,27,0
9.5690054124,9.5690054124,64,0.0110028436,car[0],(omnetpp::cQueue) empty,27,0
9.6580053684,9.6580053684,65,0.0000027996,car[0],(omnetpp::cQueue) empty,27,0
9.7620028932,9.7620028932,66,0.0040003244,car[0],(omnetpp::cQueue) empty,27,0
9.8620056284,9.8620056284,67,0.0040030596,car[0],(omnetpp::cQueue) empty,27,0
9.9590052572,9.9590052572,68,0.0010026884,car[0],(omnetpp::cQueue) empty,27,0
10.0610054244,10.0610054244,69,0.0030028556,car[0],(omnetpp::cQueue) empty,27,0
10.1590084364,10.1590084364,70,0.0010058676,car[0],(omnetpp::cQueue) empty,27,0
10.2590074452,10.2590074452,71,0.0010048764,car[0],(omnetpp::cQueue) empty,27,0
10.3670066468,10.3670066468,72,0.009004078,car[0],(omnetpp::cQueue) empty,27,0
10.4660075852,10.4660075852,73,0.0080050164,car[0],(omnetpp::cQueue) empty,27,0
10.5630030156,10.5630030156,74,0.0050004468,car[0],(omnetpp::cQueue) empty,27,0
10.6630079796,10.6630079796,75,0.0050054108,car[0],(omnetpp::cQueue) empty,27,0
10.7610068404,10.7610068404,76,0.0030042716,car[0],(omnetpp::cQueue) empty,27,0
10.8670066468,10.8670066468,77,0.009004078,car[0],(omnetpp::cQueue) empty,27,0
10.9600059572,10.9600059572,78,0.0020033884,car[0],(omnetpp::cQueue) empty,27,0
11.0740067724,11.0740067724,79,0.0100042036,car[0],(omnetpp::cQueue) empty,27,0
11.1680045812,11.1680045812,80,0.0100020124,car[0],(omnetpp::cQueue) empty,27,0
11.2580019308,11.2580019308,81,0.0000006244,car[0],(omnetpp::cQueue) empty,27,0
11.3620042428,11.3620042428,82,0.004001674,car[0],(omnetpp::cQueue) empty,27,0
11.4680078812,11.4680078812,83,0.0100053124,car[0],(omnetpp::cQueue) empty,27,0
11.5650057228,11.5650057228,84,0.007003154,car[0],(omnetpp::cQueue) empty,27,0
11.6630073612,11.6630073612,85,0.0050047924,car[0],(omnetpp::cQueue) empty,27,0
11.7610055964,11.7610055964,86,0.0030030276,car[0],(omnetpp::cQueue) empty,27,0
11.8680074108,11.8680074108,87,0.010004842,car[0],(omnetpp::cQueue) empty,27,0
11.9590051372,11.9590051372,88,0.0010025684,car[0],(omnetpp::cQueue) empty,27,0
12.0670071108,12.0670071108,89,0.003004542,car[0],(omnetpp::cQueue) empty,27,0
12.1700054124,12.1700054124,90,0.0120028436,car[0],(omnetpp::cQueue) empty,27,0
12.2580062036,12.2580062036,91,0.0000036348,car[0],(omnetpp::cQueue) empty,27,0
12.3600036228,12.3600036228,92,0.002001054,car[0],(omnetpp::cQueue) empty,27,0
12.4610043924,12.4610043924,93,0.0030018236,car[0],(omnetpp::cQueue) empty,27,0
12.5590032916,12.5590032916,94,0.0010007228,car[0],(omnetpp::cQueue) empty,27,0
12.6520003876,12.6520003876,95,0.00000011,car[0],(omnetpp::cQueue) empty,27,0
12.7620068572,12.7620068572,96,0.0040042884,car[0],(omnetpp::cQueue) empty,27,0
12.8620061876,12.8620061876,97,0.0040036188,car[0],(omnetpp::cQueue) empty,27,0
12.9650042556,12.9650042556,98,0.0070016868,car[0],(omnetpp::cQueue) empty,27,0
13.0960140532,13.0960140532,99,0.0320114844,car[0],(omnetpp::cQueue) empty,27,0
13.1600057628,13.1600057628,100,0.002003194,car[0],(omnetpp::cQueue) empty,27,0
13.2610053772,13.2610053772,101,0.0030028084,car[0],(omnetpp::cQueue) empty,27,0
13.3700058308,13.3700058308,102,0.012003262,car[0],(omnetpp::cQueue) empty,27,0
13.4700018564,13.4700018564,103,0.0119992876,car[0],(omnetpp::cQueue) empty,27,0
13.5620039348,13.5620039348,104,0.004001366,car[0],(omnetpp::cQueue) empty,27,0
13.6680056836,13.6680056836,105,0.0100031148,car[0],(omnetpp::cQueue) empty,27,0
13.7740012684,13.7740012684,106,0.0159986996,car[0],(omnetpp::cQueue) empty,27,0
13.8740012684,13.8740012684,107,0.0159986996,car[0],(omnetpp::cQueue) empty,27,0
13.9700053612,13.9700053612,108,0.0120027924,car[0],(omnetpp::cQueue) empty,27,0
14.0670043988,14.0670043988,109,0.00300183,car[0],(omnetpp::cQueue) empty,27,0
14.1600046484,14.1600046484,110,0.0020020796,car[0],(omnetpp::cQueue) empty,27,0
14.2650016788,14.2650016788,111,0.00699911,car[0],(omnetpp::cQueue) empty,27,0
14.3580018036,14.3580018036,112,0.000000582,car[0],(omnetpp::cQueue) empty,27,0
14.4620021708,14.4620021708,113,0.003999602,car[0],(omnetpp::cQueue) empty,27,0
14.5710068396,14.5710068396,114,0.0130042708,car[0],(omnetpp::cQueue) empty,27,0
14.660005354,14.660005354,115,0.0020027852,car[0],(omnetpp::cQueue) empty,27,0
14.7730217788,14.7730217788,116,0.01501921,car[0],(omnetpp::cQueue) empty,27,0
14.8580009108,14.8580009108,117,0.0000002844,car[0],(omnetpp::cQueue) empty,27,0
14.958005094,14.958005094,118,0.0000025252,car[0],(omnetpp::cQueue) empty,27,0
15.0700111316,15.0700111316,119,0.0000085628,car[0],(omnetpp::cQueue) empty,27,0
15.1700054124,15.1700054124,120,0.0120028436,car[0],(omnetpp::cQueue) empty,27,0
15.2700054124,15.2700054124,121,0.0120028436,car[0],(omnetpp::cQueue) empty,27,0
15.3600056156,15.3600056156,122,0.0020030468,car[0],(omnetpp::cQueue) empty,27,0
15.4680060796,15.4680060796,123,0.0100035108,car[0],(omnetpp::cQueue) empty,27,0
15.5620053308,15.5620053308,124,0.004002762,car[0],(omnetpp::cQueue) empty,27,0
15.6700054124,15.6700054124,125,0.0120028436,car[0],(omnetpp::cQueue) empty,27,0
15.7630049036,15.7630049036,126,0.0050023348,car[0],(omnetpp::cQueue) empty,27,0
15.8700054124,15.8700054124,127,0.0120028436,car[0],(omnetpp::cQueue) empty,27,0
15.9600009708,15.9600009708,128,0.001998402,car[0],(omnetpp::cQueue) empty,27,0
16.0640102228,16.0640102228,129,0.000007654,car[0],(omnetpp::cQueue) empty,27,0
16.163003798,16.163003798,130,0.0050012292,car[0],(omnetpp::cQueue) empty,27,0
16.2640077724,16.2640077724,131,0.0060052036,car[0],(omnetpp::cQueue) empty,27,0
16.3600067476,16.3600067476,132,0.0020041788,car[0],(omnetpp::cQueue) empty,27,0
16.4680052884,16.4680052884,133,0.0100027196,car[0],(omnetpp::cQueue) empty,27,0
16.5580069284,16.5580069284,134,0.0000043596,car[0],(omnetpp::cQueue) empty,27,0
16.6580021372,16.6580021372,135,0.0000006932,car[0],(omnetpp::cQueue) empty,27,0
16.7650254932,16.7650254932,136,0.0070229244,car[0],(omnetpp::cQueue) empty,27,0
16.8610046252,16.8610046252,137,0.0030020564,car[0],(omnetpp::cQueue) empty,27,0
16.9600045412,16.9600045412,138,0.0020019724,car[0],(omnetpp::cQueue) empty,27,0
17.0670054124,17.0670054124,139,0.0090028436,car[0],(omnetpp::cQueue) empty,27,0
17.159007306,17.159007306,140,0.0010047372,car[0],(omnetpp::cQueue) empty,27,0
17.2670054124,17.2670054124,141,0.0090028436,car[0],(omnetpp::cQueue) empty,27,0
17.3670054124,17.3670054124,142,0.0090028436,car[0],(omnetpp::cQueue) empty,27,0
17.461002514,17.461002514,143,0.0029999452,car[0],(omnetpp::cQueue) empty,27,0
17.5670054124,17.5670054124,144,0.0090028436,car[0],(omnetpp::cQueue) empty,27,0
17.6620064412,17.6620064412,145,0.0040038724,car[0],(omnetpp::cQueue) empty,27,0
17.7630071996,17.7630071996,146,0.0050046308,car[0],(omnetpp::cQueue) empty,27,0
17.8580066292,17.8580066292,147,0.0000040604,car[0],(omnetpp::cQueue) empty,27,0
17.9670054124,17.9670054124,148,0.0090028436,car[0],(omnetpp::cQueue) empty,27,0
18.0750054124,18.0750054124,149,0.0170028436,car[0],(omnetpp::cQueue) empty,27,0
18.1580063468,18.1580063468,150,0.000003778,car[0],(omnetpp::cQueue) empty,27,0
18.2680012684,18.2680012684,151,0.0099986996,car[0],(omnetpp::cQueue) empty,27,0
18.3680012684,18.3680012684,152,0.0099986996,car[0],(omnetpp::cQueue) empty,27,0
18.4690012684,18.4690012684,153,0.0109986996,car[0],(omnetpp::cQueue) empty,27,0
18.5640057804,18.5640057804,154,0.0060032116,car[0],(omnetpp::cQueue) empty,27,0
18.6620087268,18.6620087268,155,0.004006158,car[0],(omnetpp::cQueue) empty,27,0
18.760008606,18.760008606,156,0.0020060372,car[0],(omnetpp::cQueue) empty,27,0
18.8700112972,18.8700112972,157,0.0000087284,car[0],(omnetpp::cQueue) empty,27,0
18.9680012684,18.9680012684,158,0.0099986996,car[0],(omnetpp::cQueue) empty,27,0
19.0790061124,19.0790061124,159,0.0090035436,car[0],(omnetpp::cQueue) empty,27,0
19.1600065092,19.1600065092,160,0.0020039404,car[0],(omnetpp::cQueue) empty,27,0
19.26000481,19.26000481,161,0.0020022412,car[0],(omnetpp::cQueue) empty,27,0
19.3670061588,19.3670061588,162,0.00900359,car[0],(omnetpp::cQueue) empty,27,0
19.471004178,19.471004178,163,0.0130016092,car[0],(omnetpp::cQueue) empty,27,0
19.5610052076,19.5610052076,164,0.0030026388,car[0],(omnetpp::cQueue) empty,27,0
19.6590053652,19.6590053652,165,0.0010027964,car[0],(omnetpp::cQueue) empty,27,0
19.7690050172,19.7690050172,166,0.0110024484,car[0],(omnetpp::cQueue) empty,27,0
19.858005466,19.858005466,167,0.0000028972,car[0],(omnetpp::cQueue) empty,27,0
19.9630064316,19.9630064316,168,0.0050038628,car[0],(omnetpp::cQueue) empty,27,0
20.0650049948,20.0650049948,169,0.001002426,car[0],(omnetpp::cQueue) empty,27,0
20.1700012684,20.1700012684,170,0.0119986996,car[0],(omnetpp::cQueue) empty,27,0
20.258006234,20.258006234,171,0.0000036652,car[0],(omnetpp::cQueue) empty,27,0
20.36900309,20.36900309,172,0.0110005212,car[0],(omnetpp::cQueue) empty,27,0
20.458005198,20.458005198,173,0.0000026292,car[0],(omnetpp::cQueue) empty,27,0
20.5580051148,20.5580051148,174,0.000002546,car[0],(omnetpp::cQueue) empty,27,0
20.6630033204,20.6630033204,175,0.0050007516,car[0],(omnetpp::cQueue) empty,27,0
20.7590045388,20.7590045388,176,0.00100197,car[0],(omnetpp::cQueue) empty,27,0
20.8580026076,20.8580026076,177,0.00000085,car[0],(omnetpp::cQueue) empty,27,0
20.963006046,20.963006046,178,0.0050034772,car[0],(omnetpp::cQueue) empty,27,0
21.0970066468,21.0970066468,179,0.027004078,car[0],(omnetpp::cQueue) empty,27,0
21.1690060332,21.1690060332,180,0.0110034644,car[0],(omnetpp::cQueue) empty,27,0
21.2690054148,21.2690054148,181,0.011002846,car[0],(omnetpp::cQueue) empty,27,0
21.3620026796,21.3620026796,182,0.0040001108,car[0],(omnetpp::cQueue) empty,27,0
21.4680055612,21.4680055612,183,0.0100029924,car[0],(omnetpp::cQueue) empty,27,0
21.5660056636,21.5660056636,184,0.0080030948,car[0],(omnetpp::cQueue) empty,27,0
21.6590043676,21.6590043676,185,0.0010017988,car[0],(omnetpp::cQueue) empty,27,0
21.7600041492,21.7600041492,186,0.0020015804,car[0],(omnetpp::cQueue) empty,27,0
21.871004178,21.871004178,187,0.0130016092,car[0],(omnetpp::cQueue) empty,27,0
21.9690027276,21.9690027276,188,0.0110001588,car[0],(omnetpp::cQueue) empty,27,0
22.0950115844,22.0950115844,189,0.0250090156,car[0],(omnetpp::cQueue) empty,27,0
22.1580046372,22.1580046372,190,0.0000020684,car[0],(omnetpp::cQueue) empty,27,0
22.271004178,22.271004178,191,0.0130016092,car[0],(omnetpp::cQueue) empty,27,0
22.371004178,22.371004178,192,0.0130016092,car[0],(omnetpp::cQueue) empty,27,0
22.4640047012,22.4640047012,193,0.0060021324,car[0],(omnetpp::cQueue) empty,27,0
22.5700032196,22.5700032196,194,0.0120006508,car[0],(omnetpp::cQueue) empty,27,0
22.666004958,22.666004958,195,0.0080023892,car[0],(omnetpp::cQueue) empty,27,0
22.771004178,22.771004178,196,0.0130016092,car[0],(omnetpp::cQueue) empty,27,0
22.8600039524,22.8600039524,197,0.0020013836,car[0],(omnetpp::cQueue) empty,27,0
22.9630044892,22.9630044892,198,0.0050019204,car[0],(omnetpp::cQueue) empty,27,0
23.0730152876,23.0730152876,199,0.0150127188,car[0],(omnetpp::cQueue) empty,27,0
23.1660048484,23.1660048484,200,0.0080022796,car[0],(omnetpp::cQueue) empty,27,0
23.2630067372,23.2630067372,201,0.0050041684,car[0],(omnetpp::cQueue) empty,27,0
23.3650045932,23.3650045932,202,0.0070020244,car[0],(omnetpp::cQueue) empty,27,0
23.4640039068,23.4640039068,203,0.006001338,car[0],(omnetpp::cQueue) empty,27,0
23.5610067684,23.5610067684,204,0.0030041996,car[0],(omnetpp::cQueue) empty,27,0
23.6650067356,23.6650067356,205,0.0070041668,car[0],(omnetpp::cQueue) empty,27,0
23.7660058428,23.7660058428,206,0.008003274,car[0],(omnetpp::cQueue) empty,27,0
23.8590066276,23.8590066276,207,0.0010040588,car[0],(omnetpp::cQueue) empty,27,0
23.9620064572,23.9620064572,208,0.0040038884,car[0],(omnetpp::cQueue) empty,27,0
24.0820225652,24.0820225652,209,0.0180199964,car[0],(omnetpp::cQueue) empty,27,0
24.1590029556,24.1590029556,210,0.0010003868,car[0],(omnetpp::cQueue) empty,27,0
24.2670069436,24.2670069436,211,0.0090043748,car[0],(omnetpp::cQueue) empty,27,0
24.360006926,24.360006926,212,0.0020043572,car[0],(omnetpp::cQueue) empty,27,0
24.4650066516,24.4650066516,213,0.0070040828,car[0],(omnetpp::cQueue) empty,27,0
24.5670034956,24.5670034956,214,0.0090009268,car[0],(omnetpp::cQueue) empty,27,0
24.6610068964,24.6610068964,215,0.0030043276,car[0],(omnetpp::cQueue) empty,27,0
24.771004178,24.771004178,216,0.0130016092,car[0],(omnetpp::cQueue) empty,27,0
24.8690055404,24.8690055404,217,0.0110029716,car[0],(omnetpp::cQueue) empty,27,0
24.9690052932,24.9690052932,218,0.0110027244,car[0],(omnetpp::cQueue) empty,27,0
25.0830251628,25.0830251628,219,0.025022594,car[0],(omnetpp::cQueue) empty,27,0
25.1580041684,25.1580041684,220,0.0000015996,car[0],(omnetpp::cQueue) empty,27,0
25.2620061108,25.2620061108,221,0.004003542,car[0],(omnetpp::cQueue) empty,27,0
25.3630025404,25.3630025404,222,0.0049999716,car[0],(omnetpp::cQueue) empty,27,0
25.4730315492,25.4730315492,223,0.0150289804,car[0],(omnetpp::cQueue) empty,27,0
25.5660055044,25.5660055044,224,0.0080029356,car[0],(omnetpp::cQueue) empty,27,0
25.6650015252,25.6650015252,225,0.0069989564,car[0],(omnetpp::cQueue) empty,27,0
25.7580071724,25.7580071724,226,0.0000046036,car[0],(omnetpp::cQueue) empty,27,0
25.8670272196,25.8670272196,227,0.0090246508,car[0],(omnetpp::cQueue) empty,27,0
25.959004742,25.959004742,228,0.0010021732,car[0],(omnetpp::cQueue) empty,27,0
26.0800183724,26.0800183724,229,0.0160158036,car[0],(omnetpp::cQueue) empty,27,0
26.1600069428,26.1600069428,230,0.002004374,car[0],(omnetpp::cQueue) empty,27,0
26.2590067972,26.2590067972,231,0.0010042284,car[0],(omnetpp::cQueue) empty,27,0
26.3680012684,26.3680012684,232,0.0099986996,car[0],(omnetpp::cQueue) empty,27,0
26.4620078956,26.4620078956,233,0.0040053268,car[0],(omnetpp::cQueue) empty,27,0
26.5580077508,26.5580077508,234,0.000005182,car[0],(omnetpp::cQueue) empty,27,0
26.6610073196,26.6610073196,235,0.0030047508,car[0],(omnetpp::cQueue) empty,27,0
26.7580045532,26.7580045532,236,0.0000019844,car[0],(omnetpp::cQueue) empty,27,0
26.8660047772,26.8660047772,237,0.0080022084,car[0],(omnetpp::cQueue) empty,27,0
26.96300447,26.96300447,238,0.0050019012,car[0],(omnetpp::cQueue) empty,27,0
27.0910054124,27.0910054124,239,0.0210028436,car[0],(omnetpp::cQueue) empty,27,0
27.1600020964,27.1600020964,240,0.0019995276,car[0],(omnetpp::cQueue) empty,27,0
27.2580008988,27.2580008988,241,0.0000002804,car[0],(omnetpp::cQueue) empty,27,0
27.3620069948,27.3620069948,242,0.004004426,car[0],(omnetpp::cQueue) empty,27,0
27.4590058908,27.4590058908,243,0.001003322,car[0],(omnetpp::cQueue) empty,27,0
27.5580053804,27.5580053804,244,0.0000028116,car[0],(omnetpp::cQueue) empty,27,0
27.65800475,27.65800475,245,0.0000021812,car[0],(omnetpp::cQueue) empty,27,0
27.7700054124,27.7700054124,246,0.0120028436,car[0],(omnetpp::cQueue) empty,27,0
27.8590044684,27.8590044684,247,0.0010018996,car[0],(omnetpp::cQueue) empty,27,0
27.9700036252,27.9700036252,248,0.0120010564,car[0],(omnetpp::cQueue) empty,27,0
28.082006418,28.082006418,249,0.0180038492,car[0],(omnetpp::cQueue) empty,27,0
28.1700054124,28.1700054124,250,0.0120028436,car[0],(omnetpp::cQueue) empty,27,0
28.259006634,28.259006634,251,0.0010040652,car[0],(omnetpp::cQueue) empty,27,0
28.3590053092,28.3590053092,252,0.0010027404,car[0],(omnetpp::cQueue) empty,27,0
28.4680049228,28.4680049228,253,0.010002354,car[0],(omnetpp::cQueue) empty,27,0
28.5580066524,28.5580066524,254,0.0000040836,car[0],(omnetpp::cQueue) empty,27,0
28.6700054124,28.6700054124,255,0.0120028436,car[0],(omnetpp::cQueue) empty,27,0
28.7690043212,28.7690043212,256,0.0110017524,car[0],(omnetpp::cQueue) empty,27,0
28.8630074612,28.8630074612,257,0.0050048924,car[0],(omnetpp::cQueue) empty,27,0
28.96700391,28.96700391,258,0.0090013412,car[0],(omnetpp::cQueue) empty,27,0
29.0640078012,29.0640078012,259,0.0000052324,car[0],(omnetpp::cQueue) empty,27,0
29.170004914,29.170004914,260,0.0120023452,car[0],(omnetpp::cQueue) empty,27,0
29.27500665,29.27500665,261,0.0170040812,car[0],(omnetpp::cQueue) empty,27,0
29.3720119172,29.3720119172,262,0.0140093484,car[0],(omnetpp::cQueue) empty,27,0
29.4750143524,29.4750143524,263,0.0170117836,car[0],(omnetpp::cQueue) empty,27,0
29.5670061852,29.5670061852,264,0.0090036164,car[0],(omnetpp::cQueue) empty,27,0
29.6600065404,29.6600065404,265,0.0020039716,car[0],(omnetpp::cQueue) empty,27,0
29.7610045316,29.7610045316,266,0.0030019628,car[0],(omnetpp::cQueue) empty,27,0
29.8630069388,29.8630069388,267,0.00500437,car[0],(omnetpp::cQueue) empty,27,0
29.9730449132,29.9730449132,268,0.0150423444,car[0],(omnetpp::cQueue) empty,27,0
30.0640066884,30.0640066884,269,0.0000041196,car[0],(omnetpp::cQueue) empty,27,0
30.168006106,30.168006106,270,0.0100035372,car[0],(omnetpp::cQueue) empty,27,0
30.2670160756,30.2670160756,271,0.0090135068,car[0],(omnetpp::cQueue) empty,27,0
30.3590066116,30.3590066116,272,0.0010040428,car[0],(omnetpp::cQueue) empty,27,0
30.4710054124,30.4710054124,273,0.0130028436,car[0],(omnetpp::cQueue) empty,27,0
30.57601035,30.57601035,274,0.0180077812,car[0],(omnetpp::cQueue) empty,27,0
30.6700054124,30.6700054124,275,0.0120028436,car[0],(omnetpp::cQueue) empty,27,0
30.7580061044,30.7580061044,276,0.0000035356,car[0],(omnetpp::cQueue) empty,27,0
30.8670257668,30.8670257668,277,0.009023198,car[0],(omnetpp::cQueue) empty,27,0
30.9700054124,30.9700054124,278,0.0120028436,car[0],(omnetpp::cQueue) empty,27,0
31.0930054124,31.0930054124,279,0.0230028436,car[0],(omnetpp::cQueue) empty,27,0
31.1590022332,31.1590022332,280,0.0009996644,car[0],(omnetpp::cQueue) empty,27,0
31.2660047084,31.2660047084,281,0.0080021396,car[0],(omnetpp::cQueue) empty,27,0
31.3660045988,31.3660045988,282,0.00800203,car[0],(omnetpp::cQueue) empty,27,0
31.4650024324,31.4650024324,283,0.0069998636,car[0],(omnetpp::cQueue) empty,27,0
31.5600021948,31.5600021948,284,0.001999626,car[0],(omnetpp::cQueue) empty,27,0
31.6710066468,31.6710066468,285,0.013004078,car[0],(omnetpp::cQueue) empty,27,0
31.7620033804,31.7620033804,286,0.0040008116,car[0],(omnetpp::cQueue) empty,27,0
31.8620074188,31.8620074188,287,0.00400485,car[0],(omnetpp::cQueue) empty,27,0
31.9670074036,31.9670074036,288,0.0090048348,car[0],(omnetpp::cQueue) empty,27,0
32.081004866,32.081004866,289,0.0170022972,car[0],(omnetpp::cQueue) empty,27,0
32.158005394,32.158005394,290,0.0000028252,car[0],(omnetpp::cQueue) empty,27,0
32.2590044156,32.2590044156,291,0.0010018468,car[0],(omnetpp::cQueue) empty,27,0
32.3700012684,32.3700012684,292,0.0119986996,car[0],(omnetpp::cQueue) empty,27,0
32.4620047684,32.4620047684,293,0.0040021996,car[0],(omnetpp::cQueue) empty,27,0
32.5600075644,32.5600075644,294,0.0020049956,car[0],(omnetpp::cQueue) empty,27,0
32.6590044468,32.6590044468,295,0.001001878,car[0],(omnetpp::cQueue) empty,27,0
32.7700012684,32.7700012684,296,0.0119986996,car[0],(omnetpp::cQueue) empty,27,0
32.8580063932,32.8580063932,297,0.0000038244,car[0],(omnetpp::cQueue) empty,27,0
32.9580009876,32.9580009876,298,0.00000031,car[0],(omnetpp::cQueue) empty,27,0
33.0700133284,33.0700133284,299,0.0000107596,car[0],(omnetpp::cQueue) empty,27,0
33.1730054124,33.1730054124,300,0.0090028436,car[0],(omnetpp::cQueue) empty,27,0
33.261004982,33.261004982,301,0.0030024132,car[0],(omnetpp::cQueue) empty,27,0
33.3740059044,33.3740059044,302,0.0160033356,car[0],(omnetpp::cQueue) empty,27,0
33.4790276316,33.4790276316,303,0.0150250628,car[0],(omnetpp::cQueue) empty,27,0
33.565008414,33.565008414,304,0.0070058452,car[0],(omnetpp::cQueue) empty,27,0
33.6720054124,33.6720054124,305,0.0140028436,car[0],(omnetpp::cQueue) empty,27,0
33.7630010164,33.7630010164,306,0.0049984476,car[0],(omnetpp::cQueue) empty,27,0
33.8600042444,33.8600042444,307,0.0020016756,car[0],(omnetpp::cQueue) empty,27,0
33.959001614,33.959001614,308,0.0009990452,car[0],(omnetpp::cQueue) empty,27,0
34.0720102604,34.0720102604,309,0.0080076916,car[0],(omnetpp::cQueue) empty,27,0
34.1700048988,34.1700048988,310,0.01200233,car[0],(omnetpp::cQueue) empty,27,0
34.2830140532,34.2830140532,311,0.0250114844,car[0],(omnetpp::cQueue) empty,27,0
34.3620039124,34.3620039124,312,0.0040013436,car[0],(omnetpp::cQueue) empty,27,0
34.4700061124,34.4700061124,313,0.0120035436,car[0],(omnetpp::cQueue) empty,27,0
34.5580060172,34.5580060172,314,0.0000034484,car[0],(omnetpp::cQueue) empty,27,0
34.665005442,34.665005442,315,0.0070028732,car[0],(omnetpp::cQueue) empty,27,0
34.759004138,34.759004138,316,0.0010015692,car[0],(omnetpp::cQueue) empty,27,0
34.8580017004,34.8580017004,317,0.0000005476,car[0],(omnetpp::cQueue) empty,27,0
34.9690058796,34.9690058796,318,0.0110033108,car[0],(omnetpp::cQueue) empty,27,0
35.0740106276,35.0740106276,319,0.0160080588,car[0],(omnetpp::cQueue) empty,27,0
35.1610056316,35.1610056316,320,0.0030030628,car[0],(omnetpp::cQueue) empty,27,0
35.2700054124,35.2700054124,321,0.0120028436,car[0],(omnetpp::cQueue) empty,27,0
35.358005506,35.358005506,322,0.0000029372,car[0],(omnetpp::cQueue) empty,27,0
35.4610069876,35.4610069876,323,0.0030044188,car[0],(omnetpp::cQueue) empty,27,0
35.5610047284,35.5610047284,324,0.0030021596,car[0],(omnetpp::cQueue) empty,27,0
35.664003474,35.664003474,325,0.0060009052,car[0],(omnetpp::cQueue) empty,27,0
35.7590042532,35.7590042532,326,0.0010016844,car[0],(omnetpp::cQueue) empty,27,0
35.869007802,35.869007802,327,0.0110052332,car[0],(omnetpp::cQueue) empty,27,0
35.9700047756,35.9700047756,328,0.0120022068,car[0],(omnetpp::cQueue) empty,27,0
36.0680073436,36.0680073436,329,0.0040047748,car[0],(omnetpp::cQueue) empty,27,0
36.1630046748,36.1630046748,330,0.005002106,car[0],(omnetpp::cQueue) empty,27,0
36.2640058132,36.2640058132,331,0.0060032444,car[0],(omnetpp::cQueue) empty,27,0
36.3660056588,36.3660056588,332,0.00800309,car[0],(omnetpp::cQueue) empty,27,0
36.471004178,36.471004178,333,0.0130016092,car[0],(omnetpp::cQueue) empty,27,0
36.571004178,36.571004178,334,0.0130016092,car[0],(omnetpp::cQueue) empty,27,0
36.6640066388,36.6640066388,335,0.00600407,car[0],(omnetpp::cQueue) empty,27,0
36.7580068212,36.7580068212,336,0.0000042524,car[0],(omnetpp::cQueue) empty,27,0
36.871004178,36.871004178,337,0.0130016092,car[0],(omnetpp::cQueue) empty,27,0
36.9590069812,36.9590069812,338,0.0010044124,car[0],(omnetpp::cQueue) empty,27,0
37.0720177708,37.0720177708,339,0.002015202,car[0],(omnetpp::cQueue) empty,27,0
37.1620069588,37.1620069588,340,0.00400439,car[0],(omnetpp::cQueue) empty,27,0
37.2590055836,37.2590055836,341,0.0010030148,car[0],(omnetpp::cQueue) empty,27,0
37.3630055564,37.3630055564,342,0.0050029876,car[0],(omnetpp::cQueue) empty,27,0
37.4810115844,37.4810115844,343,0.0230090156,car[0],(omnetpp::cQueue) empty,27,0
37.5580045764,37.5580045764,344,0.0000020076,car[0],(omnetpp::cQueue) empty,27,0
37.6670113156,37.6670113156,345,0.0090087468,car[0],(omnetpp::cQueue) empty,27,0
37.7710066468,37.7710066468,346,0.013004078,car[0],(omnetpp::cQueue) empty,27,0
37.860005826,37.860005826,347,0.0020032572,car[0],(omnetpp::cQueue) empty,27,0
37.962004854,37.962004854,348,0.0040022852,car[0],(omnetpp::cQueue) empty,27,0
38.0580033612,38.0580033612,349,0.0000011012,car[0],(omnetpp::cQueue) empty,27,0
38.167004846,38.167004846,350,0.0090022772,car[0],(omnetpp::cQueue) empty,27,0
38.2680049084,38.2680049084,351,0.0100023396,car[0],(omnetpp::cQueue) empty,27,0
38.3690053748,38.3690053748,352,0.011002806,car[0],(omnetpp::cQueue) empty,27,0
38.4630042604,38.4630042604,353,0.0050016916,car[0],(omnetpp::cQueue) empty,27,0
38.5590058308,38.5590058308,354,0.001003262,car[0],(omnetpp::cQueue) empty,27,0
38.6590041828,38.6590041828,355,0.001001614,car[0],(omnetpp::cQueue) empty,27,0
38.763003426,38.763003426,356,0.0050008572,car[0],(omnetpp::cQueue) empty,27,0
38.8590026052,38.8590026052,357,0.0010000364,car[0],(omnetpp::cQueue) empty,27,0
38.96900563,38.96900563,358,0.0110030612,car[0],(omnetpp::cQueue) empty,27,0
39.078009538,39.078009538,359,0.0020069692,car[0],(omnetpp::cQueue) empty,27,0
39.1710066204,39.1710066204,360,0.0130040516,car[0],(omnetpp::cQueue) empty,27,0
39.2630046708,39.2630046708,361,0.005002102,car[0],(omnetpp::cQueue) empty,27,0
39.3630036372,39.3630036372,362,0.0050010684,car[0],(omnetpp::cQueue) empty,27,0
39.4590043844,39.4590043844,363,0.0010018156,car[0],(omnetpp::cQueue) empty,27,0
39.5590045892,39.5590045892,364,0.0010020204,car[0],(omnetpp::cQueue) empty,27,0
39.6660065684,39.6660065684,365,0.0080039996,car[0],(omnetpp::cQueue) empty,27,0
39.7670040236,39.7670040236,366,0.0090014548,car[0],(omnetpp::cQueue) empty,27,0
39.8600032484,39.8600032484,367,0.0020006796,car[0],(omnetpp::cQueue) empty,27,0
39.9660014844,39.9660014844,368,0.0079989156,car[0],(omnetpp::cQueue) empty,27,0
40.0590046116,40.0590046116,369,0.0010020428,car[0],(omnetpp::cQueue) empty,27,0
40.159008794,40.159008794,370,0.0010062252,car[0],(omnetpp::cQueue) empty,27,0
40.2600055668,40.2600055668,371,0.002002998,car[0],(omnetpp::cQueue) empty,27,0
40.3580078836,40.3580078836,372,0.0000053148,car[0],(omnetpp::cQueue) empty,27,0
40.4640040356,40.4640040356,373,0.0060014668,car[0],(omnetpp::cQueue) empty,27,0
40.5580071404,40.5580071404,374,0.0000045716,car[0],(omnetpp::cQueue) empty,27,0
40.6640067556,40.6640067556,375,0.0060041868,car[0],(omnetpp::cQueue) empty,27,0
40.7670054124,40.7670054124,376,0.0090028436,car[0],(omnetpp::cQueue) empty,27,0
40.8640070196,40.8640070196,377,0.0060044508,car[0],(omnetpp::cQueue) empty,27,0
40.9630049036,40.9630049036,378,0.0050023348,car[0],(omnetpp::cQueue) empty,27,0
41.0700056524,41.0700056524,379,0.0000030836,car[0],(omnetpp::cQueue) empty,27,0
41.1650038476,41.1650038476,380,0.0070012788,car[0],(omnetpp::cQueue) empty,27,0
41.2740012684,41.2740012684,381,0.0159986996,car[0],(omnetpp::cQueue) empty,27,0
41.366005674,41.366005674,382,0.0080031052,car[0],(omnetpp::cQueue) empty,27,0
41.46600497,41.46600497,383,0.0080024012,car[0],(omnetpp::cQueue) empty,27,0
41.5620049212,41.5620049212,384,0.0040023524,car[0],(omnetpp::cQueue) empty,27,0
41.6680031716,41.6680031716,385,0.0100006028,car[0],(omnetpp::cQueue) empty,27,0
41.7720048612,41.7720048612,386,0.0140022924,car[0],(omnetpp::cQueue) empty,27,0
41.8590048412,41.8590048412,387,0.0010022724,car[0],(omnetpp::cQueue) empty,27,0
41.963004814,41.963004814,388,0.0050022452,car[0],(omnetpp::cQueue) empty,27,0
42.067007886,42.067007886,389,0.0090053172,car[0],(omnetpp::cQueue) empty,27,0
42.1630059036,42.1630059036,390,0.0050033348,car[0],(omnetpp::cQueue) empty,27,0
42.2690054124,42.2690054124,391,0.0110028436,car[0],(omnetpp::cQueue) empty,27,0
42.3690054124,42.3690054124,392,0.0110028436,car[0],(omnetpp::cQueue) empty,27,0
42.4610057276,42.4610057276,393,0.0030031588,car[0],(omnetpp::cQueue) empty,27,0
42.565006934,42.565006934,394,0.0070043652,car[0],(omnetpp::cQueue) empty,27,0
42.6610064036,42.6610064036,395,0.0030038348,car[0],(omnetpp::cQueue) empty,27,0
42.7690042084,42.7690042084,396,0.0110016396,car[0],(omnetpp::cQueue) empty,27,0
42.8590060428,42.8590060428,397,0.001003474,car[0],(omnetpp::cQueue) empty,27,0
42.95900739,42.95900739,398,0.0010048212,car[0],(omnetpp::cQueue) empty,27,0
43.0740089692,43.0740089692,399,0.0100064004,car[0],(omnetpp::cQueue) empty,27,0
43.1630072076,43.1630072076,400,0.0050046388,car[0],(omnetpp::cQueue) empty,27,0
43.2670078812,43.2670078812,401,0.0090053124,car[0],(omnetpp::cQueue) empty,27,0
43.3630083036,43.3630083036,402,0.0050057348,car[0],(omnetpp::cQueue) empty,27,0
43.4660078564,43.4660078564,403,0.0080052876,car[0],(omnetpp::cQueue) empty,27,0
43.5670078812,43.5670078812,404,0.0090053124,car[0],(omnetpp::cQueue) empty,27,0
43.6580041452,43.6580041452,405,0.0000015764,car[0],(omnetpp::cQueue) empty,27,0
43.76600423,43.76600423,406,0.0080016612,car[0],(omnetpp::cQueue) empty,27,0
43.8590025404,43.8590025404,407,0.0009999716,car[0],(omnetpp::cQueue) empty,27,0
43.967004578,43.967004578,408,0.0090020092,car[0],(omnetpp::cQueue) empty,27,0
44.0740108068,44.0740108068,409,0.010008238,car[0],(omnetpp::cQueue) empty,27,0
44.171022694,44.171022694,410,0.0130201252,car[0],(omnetpp::cQueue) empty,27,0
44.2680078812,44.2680078812,411,0.0100053124,car[0],(omnetpp::cQueue) empty,27,0
44.3620070244,44.3620070244,412,0.0040044556,car[0],(omnetpp::cQueue) empty,27,0
44.4680078812,44.4680078812,413,0.0100053124,car[0],(omnetpp::cQueue) empty,27,0
44.5680102068,44.5680102068,414,0.010007638,car[0],(omnetpp::cQueue) empty,27,0
44.6580062068,44.6580062068,415,0.000003638,car[0],(omnetpp::cQueue) empty,27,0
44.7590064988,44.7590064988,416,0.00100393,car[0],(omnetpp::cQueue) empty,27,0
44.8720397804,44.8720397804,417,0.0140372116,car[0],(omnetpp::cQueue) empty,27,0
44.9580028716,44.9580028716,418,0.000000938,car[0],(omnetpp::cQueue) empty,27,0
45.0690129804,45.0690129804,419,0.0110104116,car[0],(omnetpp::cQueue) empty,27,0
45.161008254,45.161008254,420,0.0030056852,car[0],(omnetpp::cQueue) empty,27,0
45.2580030348,45.2580030348,421,0.0000009924,car[0],(omnetpp::cQueue) empty,27,0
45.358003126,45.358003126,422,0.0000010228,car[0],(omnetpp::cQueue) empty,27,0
45.4650064444,45.4650064444,423,0.0070038756,car[0],(omnetpp::cQueue) empty,27,0
45.5590088156,45.5590088156,424,0.0010062468,car[0],(omnetpp::cQueue) empty,27,0
45.6630068804,45.6630068804,425,0.0050043116,car[0],(omnetpp::cQueue) empty,27,0
45.7630043388,45.7630043388,426,0.00500177,car[0],(omnetpp::cQueue) empty,27,0
45.8670078812,45.8670078812,427,0.0090053124,car[0],(omnetpp::cQueue) empty,27,0
45.9580054428,45.9580054428,428,0.000002874,car[0],(omnetpp::cQueue) empty,27,0
46.0690112564,46.0690112564,429,0.0110086876,car[0],(omnetpp::cQueue) empty,27,0
46.1610045812,46.1610045812,430,0.0030020124,car[0],(omnetpp::cQueue) empty,27,0
46.2610067412,46.2610067412,431,0.0030041724,car[0],(omnetpp::cQueue) empty,27,0
46.3660012876,46.3660012876,432,0.0079987188,car[0],(omnetpp::cQueue) empty,27,0
46.4580053868,46.4580053868,433,0.000002818,car[0],(omnetpp::cQueue) empty,27,0
46.5670078812,46.5670078812,434,0.0090053124,car[0],(omnetpp::cQueue) empty,27,0
46.6640009756,46.6640009756,435,0.0059984068,car[0],(omnetpp::cQueue) empty,27,0
46.7640046948,46.7640046948,436,0.006002126,car[0],(omnetpp::cQueue) empty,27,0
46.8620072172,46.8620072172,437,0.0040046484,car[0],(omnetpp::cQueue) empty,27,0
46.9580058788,46.9580058788,438,0.00000331,car[0],(omnetpp::cQueue) empty,27,0
47.07000785,47.07000785,439,0.0000052812,car[0],(omnetpp::cQueue) empty,27,0
47.1610063748,47.1610063748,440,0.003003806,car[0],(omnetpp::cQueue) empty,27,0
47.25900321,47.25900321,441,0.0010006412,car[0],(omnetpp::cQueue) empty,27,0
47.3600035892,47.3600035892,442,0.0020010204,car[0],(omnetpp::cQueue) empty,27,0
47.4630072724,47.4630072724,443,0.0050047036,car[0],(omnetpp::cQueue) empty,27,0
47.5620043956,47.5620043956,444,0.0040018268,car[0],(omnetpp::cQueue) empty,27,0
47.6700054124,47.6700054124,445,0.0120028436,car[0],(omnetpp::cQueue) empty,27,0
47.7620044964,47.7620044964,446,0.0040019276,car[0],(omnetpp::cQueue) empty,27,0
47.861007186,47.861007186,447,0.0030046172,car[0],(omnetpp::cQueue) empty,27,0
47.9700054124,47.9700054124,448,0.0120028436,car[0],(omnetpp::cQueue) empty,27,0
48.0910078812,48.0910078812,449,0.0270053124,car[0],(omnetpp::cQueue) empty,27,0
48.1590024636,48.1590024636,450,0.0009998948,car[0],(omnetpp::cQueue) empty,27,0
48.2660049564,48.2660049564,451,0.0080023876,car[0],(omnetpp::cQueue) empty,27,0
48.3660080916,48.3660080916,452,0.0080055228,car[0],(omnetpp::cQueue) empty,27,0
48.4620043372,48.4620043372,453,0.0040017684,car[0],(omnetpp::cQueue) empty,27,0
48.5600078156,48.5600078156,454,0.0020052468,car[0],(omnetpp::cQueue) empty,27,0
48.6600043468,48.6600043468,455,0.002001778,car[0],(omnetpp::cQueue) empty,27,0
48.7580024996,48.7580024996,456,0.000000814,car[0],(omnetpp::cQueue) empty,27,0
48.8650040444,48.8650040444,457,0.0070014756,car[0],(omnetpp::cQueue) empty,27,0
48.960005234,48.960005234,458,0.0020026652,car[0],(omnetpp::cQueue) empty,27,0
49.0670055628,49.0670055628,459,0.003002994,car[0],(omnetpp::cQueue) empty,27,0
49.1710066468,49.1710066468,460,0.013004078,car[0],(omnetpp::cQueue) empty,27,0
49.263006022,49.263006022,461,0.0050034532,car[0],(omnetpp::cQueue) empty,27,0
49.360004858,49.360004858,462,0.0020022892,car[0],(omnetpp::cQueue) empty,27,0
49.4620074892,49.4620074892,463,0.0040049204,car[0],(omnetpp::cQueue) empty,27,0
49.566005314,49.566005314,464,0.0080027452,car[0],(omnetpp::cQueue) empty,27,0
49.6580040876,49.6580040876,465,0.0000015188,car[0],(omnetpp::cQueue) empty,27,0
49.7600079588,49.7600079588,466,0.00200539,car[0],(omnetpp::cQueue) empty,27,0
49.874015178,49.874015178,467,0.0160126092,car[0],(omnetpp::cQueue) empty,27,0
49.96400585,49.96400585,468,0.0060032812,car[0],(omnetpp::cQueue) empty,27,0
50.0920054124,50.0920054124,469,0.0280028436,car[0],(omnetpp::cQueue) empty,27,0
50.1660058444,50.1660058444,470,0.0080032756,car[0],(omnetpp::cQueue) empty,27,0
50.2660049156,50.2660049156,471,0.0080023468,car[0],(omnetpp::cQueue) empty,27,0
50.3620035052,50.3620035052,472,0.0040009364,car[0],(omnetpp::cQueue) empty,27,0
50.4670207044,50.4670207044,473,0.0090181356,car[0],(omnetpp::cQueue) empty,27,0
50.559004278,50.559004278,474,0.0010017092,car[0],(omnetpp::cQueue) empty,27,0
50.6620039756,50.6620039756,475,0.0040014068,car[0],(omnetpp::cQueue) empty,27,0
50.7630065124,50.7630065124,476,0.0050039436,car[0],(omnetpp::cQueue) empty,27,0
50.8640051452,50.8640051452,477,0.0060025764,car[0],(omnetpp::cQueue) empty,27,0
50.9640044804,50.9640044804,478,0.0060019116,car[0],(omnetpp::cQueue) empty,27,0
51.0580067716,51.0580067716,479,0.0000042028,car[0],(omnetpp::cQueue) empty,27,0
51.1600077548,51.1600077548,480,0.002005186,car[0],(omnetpp::cQueue) empty,27,0
51.2650081116,51.2650081116,481,0.0070055428,car[0],(omnetpp::cQueue) empty,27,0
51.36100811,51.36100811,482,0.0030055412,car[0],(omnetpp::cQueue) empty,27,0
51.4670078812,51.4670078812,483,0.0090053124,car[0],(omnetpp::cQueue) empty,27,0
51.5590068988,51.5590068988,484,0.00100433,car[0],(omnetpp::cQueue) empty,27,0
51.6590070532,51.6590070532,485,0.0010044844,car[0],(omnetpp::cQueue) empty,27,0
51.7620032892,51.7620032892,486,0.0040007204,car[0],(omnetpp::cQueue) empty,27,0
51.8670078812,51.8670078812,487,0.0090053124,car[0],(omnetpp::cQueue) empty,27,0
51.9580053068,51.9580053068,488,0.000002738,car[0],(omnetpp::cQueue) empty,27,0
52.0670099188,52.0670099188,489,0.00900735,car[0],(omnetpp::cQueue) empty,27,0
52.160003342,52.160003342,490,0.0020007732,car[0],(omnetpp::cQueue) empty,27,0
52.2620078452,52.2620078452,491,0.0040052764,car[0],(omnetpp::cQueue) empty,27,0
52.3650043804,52.3650043804,492,0.0070018116,car[0],(omnetpp::cQueue) empty,27,0
52.4630060588,52.4630060588,493,0.00500349,car[0],(omnetpp::cQueue) empty,27,0
52.558003906,52.558003906,494,0.0000013372,car[0],(omnetpp::cQueue) empty,27,0
52.6670078812,52.6670078812,495,0.0090053124,car[0],(omnetpp::cQueue) empty,27,0
52.7580069716,52.7580069716,496,0.0000044028,car[0],(omnetpp::cQueue) empty,27,0
52.8630055628,52.8630055628,497,0.005002994,car[0],(omnetpp::cQueue) empty,27,0
52.9680035652,52.9680035652,498,0.0100009964,car[0],(omnetpp::cQueue) empty,27,0
53.0610066164,53.0610066164,499,0.0030040476,car[0],(omnetpp::cQueue) empty,27,0
53.1590048788,53.1590048788,500,0.00100231,car[0],(omnetpp::cQueue) empty,27,0
53.2670066468,53.2670066468,501,0.009004078,car[0],(omnetpp::cQueue) empty,27,0
53.3670066468,53.3670066468,502,0.009004078,car[0],(omnetpp::cQueue) empty,27,0
53.4580057124,53.4580057124,503,0.0000031436,car[0],(omnetpp::cQueue) empty,27,0
53.5660060252,53.5660060252,504,0.0080034564,car[0],(omnetpp::cQueue) empty,27,0
53.6670066468,53.6670066468,505,0.009004078,car[0],(omnetpp::cQueue) empty,27,0
53.7670066468,53.7670066468,506,0.009004078,car[0],(omnetpp::cQueue) empty,27,0
53.8590040684,53.8590040684,507,0.0010014996,car[0],(omnetpp::cQueue) empty,27,0
53.9600078924,53.9600078924,508,0.0020053236,car[0],(omnetpp::cQueue) empty,27,0
54.0610043644,54.0610043644,509,0.0030017956,car[0],(omnetpp::cQueue) empty,27,0
54.1580045444,54.1580045444,510,0.0000019756,car[0],(omnetpp::cQueue) empty,27,0
54.2670066468,54.2670066468,511,0.009004078,car[0],(omnetpp::cQueue) empty,27,0
54.3640069164,54.3640069164,512,0.0060043476,car[0],(omnetpp::cQueue) empty,27,0
54.4670066468,54.4670066468,513,0.009004078,car[0],(omnetpp::cQueue) empty,27,0
54.56000533,54.56000533,514,0.0020027612,car[0],(omnetpp::cQueue) empty,27,0
54.6580042212,54.6580042212,515,0.0000016524,car[0],(omnetpp::cQueue) empty,27,0
54.7620061004,54.7620061004,516,0.0040035316,car[0],(omnetpp::cQueue) empty,27,0
54.8580045396,54.8580045396,517,0.0000019708,car[0],(omnetpp::cQueue) empty,27,0
54.9580076516,54.9580076516,518,0.0000050828,car[0],(omnetpp::cQueue) empty,27,0
55.0960066468,55.0960066468,519,0.032004078,car[0],(omnetpp::cQueue) empty,27,0
55.1590040268,55.1590040268,520,0.001001458,car[0],(omnetpp::cQueue) empty,27,0
55.259005526,55.259005526,521,0.0010029572,car[0],(omnetpp::cQueue) empty,27,0
55.358003186,55.358003186,522,0.0000010428,car[0],(omnetpp::cQueue) empty,27,0
55.4660064524,55.4660064524,523,0.0080038836,car[0],(omnetpp::cQueue) empty,27,0
55.5650051428,55.5650051428,524,0.007002574,car[0],(omnetpp::cQueue) empty,27,0
55.664006914,55.664006914,525,0.0060043452,car[0],(omnetpp::cQueue) empty,27,0
55.7610045988,55.7610045988,526,0.00300203,car[0],(omnetpp::cQueue) empty,27,0
55.8640025644,55.8640025644,527,0.0059999956,car[0],(omnetpp::cQueue) empty,27,0
55.9600049324,55.9600049324,528,0.0020023636,car[0],(omnetpp::cQueue) empty,27,0
56.08701035,56.08701035,529,0.0230077812,car[0],(omnetpp::cQueue) empty,27,0
56.1700054124,56.1700054124,530,0.0120028436,car[0],(omnetpp::cQueue) empty,27,0
56.2700054124,56.2700054124,531,0.0120028436,car[0],(omnetpp::cQueue) empty,27,0
56.3620042748,56.3620042748,532,0.004001706,car[0],(omnetpp::cQueue) empty,27,0
56.4700054124,56.4700054124,533,0.0120028436,car[0],(omnetpp::cQueue) empty,27,0
56.559004614,56.559004614,534,0.0010020452,car[0],(omnetpp::cQueue) empty,27,0
56.6580009612,56.6580009612,535,0.0000003012,car[0],(omnetpp::cQueue) empty,27,0
56.7600055748,56.7600055748,536,0.002003006,car[0],(omnetpp::cQueue) empty,27,0
56.8700054124,56.8700054124,537,0.0120028436,car[0],(omnetpp::cQueue) empty,27,0
56.9630052044,56.9630052044,538,0.0050026356,car[0],(omnetpp::cQueue) empty,27,0
57.0850115844,57.0850115844,539,0.0210090156,car[0],(omnetpp::cQueue) empty,27,0
57.1670078268,57.1670078268,540,0.009005258,car[0],(omnetpp::cQueue) empty,27,0
57.2650102956,57.2650102956,541,0.0070077268,car[0],(omnetpp::cQueue) empty,27,0
57.358007394,57.358007394,542,0.0000048252,car[0],(omnetpp::cQueue) empty,27,0
57.4620080444,57.4620080444,543,0.0040054756,car[0],(omnetpp::cQueue) empty,27,0
57.5680066468,57.5680066468,544,0.010004078,car[0],(omnetpp::cQueue) empty,27,0
57.6670078068,57.6670078068,545,0.009005238,car[0],(omnetpp::cQueue) empty,27,0
57.768005194,57.768005194,546,0.0100026252,car[0],(omnetpp::cQueue) empty,27,0
57.8680066468,57.8680066468,547,0.010004078,car[0],(omnetpp::cQueue) empty,27,0
57.9670052236,57.9670052236,548,0.0090026548,car[0],(omnetpp::cQueue) empty,27,0
58.0750076884,58.0750076884,549,0.0110051196,car[0],(omnetpp::cQueue) empty,27,0
58.1610039204,58.1610039204,550,0.0030013516,car[0],(omnetpp::cQueue) empty,27,0
58.260004134,58.260004134,551,0.0020015652,car[0],(omnetpp::cQueue) empty,27,0
58.3610062236,58.3610062236,552,0.0030036548,car[0],(omnetpp::cQueue) empty,27,0
58.4680078812,58.4680078812,553,0.0100053124,car[0],(omnetpp::cQueue) empty,27,0
58.56300485,58.56300485,554,0.0050022812,car[0],(omnetpp::cQueue) empty,27,0
58.6580059924,58.6580059924,555,0.0000034236,car[0],(omnetpp::cQueue) empty,27,0
58.7650055708,58.7650055708,556,0.007003002,car[0],(omnetpp::cQueue) empty,27,0
58.8650071732,58.8650071732,557,0.0070046044,car[0],(omnetpp::cQueue) empty,27,0
58.9680078812,58.9680078812,558,0.0100053124,car[0],(omnetpp::cQueue) empty,27,0
59.0640133732,59.0640133732,559,0.0000108044,car[0],(omnetpp::cQueue) empty,27,0
59.1600054388,59.1600054388,560,0.00200287,car[0],(omnetpp::cQueue) empty,27,0
59.2640044012,59.2640044012,561,0.0060018324,car[0],(omnetpp::cQueue) empty,27,0
59.3620077316,59.3620077316,562,0.0040051628,car[0],(omnetpp::cQueue) empty,27,0
59.4650074156,59.4650074156,563,0.0070048468,car[0],(omnetpp::cQueue) empty,27,0
59.5680012684,59.5680012684,564,0.0099986996,car[0],(omnetpp::cQueue) empty,27,0
59.6640061884,59.6640061884,565,0.0060036196,car[0],(omnetpp::cQueue) empty,27,0
59.7620069252,59.7620069252,566,0.0040043564,car[0],(omnetpp::cQueue) empty,27,0
59.8590063572,59.8590063572,567,0.0010037884,car[0],(omnetpp::cQueue) empty,27,0
59.9590033852,59.9590033852,568,0.0010008164,car[0],(omnetpp::cQueue) empty,27,0
