timestamp,sinr,usedRB,sumSinr,runNumber
3.002,32.7332,50,1636.66,36
3.002,49.7957,50,2489.78,36
3.042,32.7332,50,1636.66,36
3.042,49.7957,50,2489.78,36
3.082,32.7332,50,1636.66,36
3.082,49.7957,50,2489.78,36
3.122,32.7332,50,1636.66,36
3.122,49.7957,50,2489.78,36
3.162,32.7332,50,1636.66,36
3.162,49.7957,50,2489.78,36
3.202,32.7332,50,1636.66,36
3.202,49.7957,50,2489.78,36
3.242,32.7332,50,1636.66,36
3.242,49.7957,50,2489.78,36
3.282,32.7332,50,1636.66,36
3.282,49.7957,50,2489.78,36
3.322,32.7332,50,1636.66,36
3.322,49.7957,50,2489.78,36
3.362,32.7332,50,1636.66,36
3.362,49.7957,50,2489.78,36
3.402,32.7332,50,1636.66,36
3.402,49.7957,50,2489.78,36
3.442,32.7332,50,1636.66,36
3.442,49.7957,50,2489.78,36
3.482,32.7332,50,1636.66,36
3.482,49.7957,50,2489.78,36
3.522,32.7332,50,1636.66,36
3.522,49.7957,50,2489.78,36
3.562,32.7332,50,1636.66,36
3.562,49.7957,50,2489.78,36
3.602,32.7332,50,1636.66,36
3.602,49.7957,50,2489.78,36
3.642,32.7332,50,1636.66,36
3.642,49.7957,50,2489.78,36
3.682,32.7332,50,1636.66,36
3.682,49.7957,50,2489.78,36
3.722,32.7332,50,1636.66,36
3.722,49.7957,50,2489.78,36
3.762,32.7332,50,1636.66,36
3.762,49.7957,50,2489.78,36
3.802,32.7332,50,1636.66,36
3.802,49.7957,50,2489.78,36
3.842,32.7332,50,1636.66,36
3.842,49.7957,50,2489.78,36
3.882,32.7332,50,1636.66,36
3.882,49.7957,50,2489.78,36
3.922,32.7332,50,1636.66,36
3.922,49.7957,50,2489.78,36
3.962,32.7332,50,1636.66,36
3.962,49.7957,50,2489.78,36
4.002,22.359,50,1117.95,36
4.002,48.2261,50,2411.3,36
4.042,22.6974,50,1134.87,36
4.042,49.4017,50,2470.09,36
4.082,22.5638,50,1128.19,36
4.082,49.4017,50,2470.09,36
4.122,22.5638,50,1128.19,36
4.122,49.4017,50,2470.09,36
4.162,22.5638,50,1128.19,36
4.162,49.4017,50,2470.09,36
4.202,22.5638,50,1128.19,36
4.202,49.4017,50,2470.09,36
4.242,22.5638,50,1128.19,36
4.242,49.4017,50,2470.09,36
4.282,22.5638,50,1128.19,36
4.282,49.4017,50,2470.09,36
4.322,22.5638,50,1128.19,36
4.322,49.4017,50,2470.09,36
4.362,22.5638,50,1128.19,36
4.362,49.4017,50,2470.09,36
4.402,22.5638,50,1128.19,36
4.402,49.4017,50,2470.09,36
4.442,22.5638,50,1128.19,36
4.442,49.4017,50,2470.09,36
4.482,22.5638,50,1128.19,36
4.482,49.4017,50,2470.09,36
4.522,22.5638,50,1128.19,36
4.522,49.4017,50,2470.09,36
4.562,22.5638,50,1128.19,36
4.562,49.4017,50,2470.09,36
4.602,22.5638,50,1128.19,36
4.602,49.4017,50,2470.09,36
4.642,22.5638,50,1128.19,36
4.642,49.4017,50,2470.09,36
4.682,22.5638,50,1128.19,36
4.682,49.4017,50,2470.09,36
4.722,22.5638,50,1128.19,36
4.722,49.4017,50,2470.09,36
4.762,22.5638,50,1128.19,36
4.762,49.4017,50,2470.09,36
4.802,22.5638,50,1128.19,36
4.802,49.4017,50,2470.09,36
4.842,22.5638,50,1128.19,36
4.842,49.4017,50,2470.09,36
4.882,22.5638,50,1128.19,36
4.882,49.4017,50,2470.09,36
4.922,22.5638,50,1128.19,36
4.922,49.4017,50,2470.09,36
4.962,22.5638,50,1128.19,36
4.962,49.4017,50,2470.09,36
5.002,25.5973,50,1279.87,36
5.002,43.158,50,2157.9,36
5.042,25.5827,50,1279.14,36
5.042,44.4183,50,2220.91,36
5.082,26.4614,50,1323.07,36
5.082,44.4183,50,2220.91,36
5.122,26.4614,50,1323.07,36
5.122,44.4183,50,2220.91,36
5.162,26.4614,50,1323.07,36
5.162,44.4183,50,2220.91,36
5.202,26.4614,50,1323.07,36
5.202,44.4183,50,2220.91,36
5.242,26.4614,50,1323.07,36
5.242,44.4183,50,2220.91,36
5.282,26.4614,50,1323.07,36
5.282,44.4183,50,2220.91,36
5.322,26.4614,50,1323.07,36
5.322,44.4183,50,2220.91,36
5.362,26.4614,50,1323.07,36
5.362,44.4183,50,2220.91,36
5.402,26.4614,50,1323.07,36
5.402,44.4183,50,2220.91,36
5.442,26.4614,50,1323.07,36
5.442,44.4183,50,2220.91,36
5.482,26.4614,50,1323.07,36
5.482,44.4183,50,2220.91,36
5.522,26.4614,50,1323.07,36
5.522,44.4183,50,2220.91,36
5.562,26.4614,50,1323.07,36
5.562,44.4183,50,2220.91,36
5.602,26.4614,50,1323.07,36
5.602,44.4183,50,2220.91,36
5.642,26.4614,50,1323.07,36
5.642,44.4183,50,2220.91,36
5.682,26.4614,50,1323.07,36
5.682,44.4183,50,2220.91,36
5.722,26.4614,50,1323.07,36
5.722,44.4183,50,2220.91,36
5.762,26.4614,50,1323.07,36
5.762,44.4183,50,2220.91,36
5.802,26.4614,50,1323.07,36
5.802,44.4183,50,2220.91,36
5.842,26.4614,50,1323.07,36
5.842,44.4183,50,2220.91,36
5.882,26.4614,50,1323.07,36
5.882,44.4183,50,2220.91,36
5.922,26.4614,50,1323.07,36
5.922,44.4183,50,2220.91,36
5.962,26.4614,50,1323.07,36
5.962,44.4183,50,2220.91,36
6.002,19.6334,50,981.671,36
6.002,49.6236,50,2481.18,36
6.042,18.7708,50,938.539,36
6.042,51.5961,50,2579.81,36
6.082,19.789,50,989.451,36
6.082,51.5961,50,2579.81,36
6.122,19.789,50,989.451,36
6.122,51.5961,50,2579.81,36
6.162,19.789,50,989.451,36
6.162,51.5961,50,2579.81,36
6.202,19.789,50,989.451,36
6.202,51.5961,50,2579.81,36
6.242,19.789,50,989.451,36
6.242,51.5961,50,2579.81,36
6.282,19.789,50,989.451,36
6.282,51.5961,50,2579.81,36
6.322,19.789,50,989.451,36
6.322,51.5961,50,2579.81,36
6.362,19.789,50,989.451,36
6.362,51.5961,50,2579.81,36
6.402,19.789,50,989.451,36
6.402,51.5961,50,2579.81,36
6.442,19.789,50,989.451,36
6.442,51.5961,50,2579.81,36
6.482,19.789,50,989.451,36
6.482,51.5961,50,2579.81,36
6.522,19.789,50,989.451,36
6.522,51.5961,50,2579.81,36
6.562,19.789,50,989.451,36
6.562,51.5961,50,2579.81,36
6.602,19.789,50,989.451,36
6.602,51.5961,50,2579.81,36
6.642,19.789,50,989.451,36
6.642,51.5961,50,2579.81,36
6.682,19.789,50,989.451,36
6.682,51.5961,50,2579.81,36
6.722,19.789,50,989.451,36
6.722,51.5961,50,2579.81,36
6.762,19.789,50,989.451,36
6.762,51.5961,50,2579.81,36
6.802,19.789,50,989.451,36
6.802,51.5961,50,2579.81,36
6.842,19.789,50,989.451,36
6.842,51.5961,50,2579.81,36
6.882,19.789,50,989.451,36
6.882,51.5961,50,2579.81,36
6.922,19.789,50,989.451,36
6.922,51.5961,50,2579.81,36
6.962,19.789,50,989.451,36
6.962,51.5961,50,2579.81,36
7.002,29.4574,50,1472.87,36
7.002,44.6102,50,2230.51,36
7.042,29.8541,50,1492.71,36
7.042,45.0176,50,2250.88,36
7.082,29.8146,50,1490.73,36
7.082,45.0176,50,2250.88,36
7.122,29.8146,50,1490.73,36
7.122,45.0176,50,2250.88,36
7.162,29.8146,50,1490.73,36
7.162,45.0176,50,2250.88,36
7.202,29.8146,50,1490.73,36
7.202,45.0176,50,2250.88,36
7.242,29.8146,50,1490.73,36
7.242,45.0176,50,2250.88,36
7.282,29.8146,50,1490.73,36
7.282,45.0176,50,2250.88,36
7.322,29.8146,50,1490.73,36
7.322,45.0176,50,2250.88,36
7.362,29.8146,50,1490.73,36
7.362,45.0176,50,2250.88,36
7.402,29.8146,50,1490.73,36
7.402,45.0176,50,2250.88,36
7.442,29.8146,50,1490.73,36
7.442,45.0176,50,2250.88,36
7.482,29.8146,50,1490.73,36
7.482,45.0176,50,2250.88,36
7.522,29.8146,50,1490.73,36
7.522,45.0176,50,2250.88,36
7.562,29.8146,50,1490.73,36
7.562,45.0176,50,2250.88,36
7.602,29.8146,50,1490.73,36
7.602,45.0176,50,2250.88,36
7.642,29.8146,50,1490.73,36
7.642,45.0176,50,2250.88,36
7.682,29.8146,50,1490.73,36
7.682,45.0176,50,2250.88,36
7.722,29.8146,50,1490.73,36
7.722,45.0176,50,2250.88,36
7.762,29.8146,50,1490.73,36
7.762,45.0176,50,2250.88,36
7.802,29.8146,50,1490.73,36
7.802,45.0176,50,2250.88,36
7.842,29.8146,50,1490.73,36
7.842,45.0176,50,2250.88,36
7.882,29.8146,50,1490.73,36
7.882,45.0176,50,2250.88,36
7.922,29.8146,50,1490.73,36
7.922,45.0176,50,2250.88,36
7.962,29.8146,50,1490.73,36
7.962,45.0176,50,2250.88,36
8.002,32.8742,50,1643.71,36
8.002,49.611,50,2480.55,36
8.042,32.5651,50,1628.26,36
8.042,50.7664,50,2538.32,36
8.082,32.2411,50,1612.05,36
8.082,50.7664,50,2538.32,36
8.122,32.2411,50,1612.05,36
8.122,50.7664,50,2538.32,36
8.162,32.2411,50,1612.05,36
8.162,50.7664,50,2538.32,36
8.202,32.2411,50,1612.05,36
8.202,50.7664,50,2538.32,36
8.242,32.2411,50,1612.05,36
8.242,50.7664,50,2538.32,36
8.282,32.2411,50,1612.05,36
8.282,50.7664,50,2538.32,36
8.322,32.2411,50,1612.05,36
8.322,50.7664,50,2538.32,36
8.362,32.2411,50,1612.05,36
8.362,50.7664,50,2538.32,36
8.402,32.2411,50,1612.05,36
8.402,50.7664,50,2538.32,36
8.442,32.2411,50,1612.05,36
8.442,50.7664,50,2538.32,36
8.482,32.2411,50,1612.05,36
8.482,50.7664,50,2538.32,36
8.522,32.2411,50,1612.05,36
8.522,50.7664,50,2538.32,36
8.562,32.2411,50,1612.05,36
8.562,50.7664,50,2538.32,36
8.602,32.2411,50,1612.05,36
8.602,50.7664,50,2538.32,36
8.642,32.2411,50,1612.05,36
8.642,50.7664,50,2538.32,36
8.682,32.2411,50,1612.05,36
8.682,50.7664,50,2538.32,36
8.722,32.2411,50,1612.05,36
8.722,50.7664,50,2538.32,36
8.762,32.2411,50,1612.05,36
8.762,50.7664,50,2538.32,36
8.802,32.2411,50,1612.05,36
8.802,50.7664,50,2538.32,36
8.842,32.2411,50,1612.05,36
8.842,50.7664,50,2538.32,36
8.882,32.2411,50,1612.05,36
8.882,50.7664,50,2538.32,36
8.922,32.2411,50,1612.05,36
8.922,50.7664,50,2538.32,36
8.962,32.2411,50,1612.05,36
8.962,50.7664,50,2538.32,36
9.002,30.546,50,1527.3,36
9.002,41.6728,50,2083.64,36
9.042,29.8304,50,1491.52,36
9.042,42.4712,50,2123.56,36
9.082,29.42,50,1471,36
9.082,42.4712,50,2123.56,36
9.122,29.42,50,1471,36
9.122,42.4712,50,2123.56,36
9.162,29.42,50,1471,36
9.162,42.4712,50,2123.56,36
9.202,29.42,50,1471,36
9.202,42.4712,50,2123.56,36
9.242,29.42,50,1471,36
9.242,42.4712,50,2123.56,36
9.282,29.42,50,1471,36
9.282,42.4712,50,2123.56,36
9.322,29.42,50,1471,36
9.322,42.4712,50,2123.56,36
9.362,29.42,50,1471,36
9.362,42.4712,50,2123.56,36
9.402,29.42,50,1471,36
9.402,42.4712,50,2123.56,36
9.442,29.42,50,1471,36
9.442,42.4712,50,2123.56,36
9.482,29.42,50,1471,36
9.482,42.4712,50,2123.56,36
9.522,29.42,50,1471,36
9.522,42.4712,50,2123.56,36
9.562,29.42,50,1471,36
9.562,42.4712,50,2123.56,36
9.602,29.42,50,1471,36
9.602,42.4712,50,2123.56,36
9.642,29.42,50,1471,36
9.642,42.4712,50,2123.56,36
9.682,29.42,50,1471,36
9.682,42.4712,50,2123.56,36
9.722,29.42,50,1471,36
9.722,42.4712,50,2123.56,36
9.762,29.42,50,1471,36
9.762,42.4712,50,2123.56,36
9.802,29.42,50,1471,36
9.802,42.4712,50,2123.56,36
9.842,29.42,50,1471,36
9.842,42.4712,50,2123.56,36
9.882,29.42,50,1471,36
9.882,42.4712,50,2123.56,36
9.922,29.42,50,1471,36
9.922,42.4712,50,2123.56,36
9.962,29.42,50,1471,36
9.962,42.4712,50,2123.56,36
10.002,16.4148,50,820.74,36
10.002,41.5639,50,2078.19,36
10.042,16.9083,50,845.413,36
10.042,42.81,50,2140.5,36
10.082,16.9169,50,845.844,36
10.082,42.81,50,2140.5,36
10.122,16.9169,50,845.844,36
10.122,42.81,50,2140.5,36
10.162,16.9169,50,845.844,36
10.162,42.81,50,2140.5,36
10.202,16.9169,50,845.844,36
10.202,42.81,50,2140.5,36
10.242,16.9169,50,845.844,36
10.242,42.81,50,2140.5,36
10.282,16.9169,50,845.844,36
10.282,42.81,50,2140.5,36
10.322,16.9169,50,845.844,36
10.322,42.81,50,2140.5,36
10.362,16.9169,50,845.844,36
10.362,42.81,50,2140.5,36
10.402,16.9169,50,845.844,36
10.402,42.81,50,2140.5,36
10.442,16.9169,50,845.844,36
10.442,42.81,50,2140.5,36
10.482,16.9169,50,845.844,36
10.482,42.81,50,2140.5,36
10.522,16.9169,50,845.844,36
10.522,42.81,50,2140.5,36
10.562,16.9169,50,845.844,36
10.562,42.81,50,2140.5,36
10.602,16.9169,50,845.844,36
10.602,42.81,50,2140.5,36
10.642,16.9169,50,845.844,36
10.642,42.81,50,2140.5,36
10.682,16.9169,50,845.844,36
10.682,42.81,50,2140.5,36
10.722,16.9169,50,845.844,36
10.722,42.81,50,2140.5,36
10.762,16.9169,50,845.844,36
10.762,42.81,50,2140.5,36
10.802,16.9169,50,845.844,36
10.802,42.81,50,2140.5,36
10.842,16.9169,50,845.844,36
10.842,42.81,50,2140.5,36
10.882,16.9169,50,845.844,36
10.882,42.81,50,2140.5,36
10.922,16.9169,50,845.844,36
10.922,42.81,50,2140.5,36
10.962,16.9169,50,845.844,36
10.962,42.81,50,2140.5,36
11.002,27.3641,50,1368.21,36
11.002,43.6065,50,2180.33,36
11.042,26.9352,50,1346.76,36
11.042,44.1623,50,2208.12,36
11.082,27.4246,50,1371.23,36
11.082,44.1623,50,2208.12,36
11.122,27.4246,50,1371.23,36
11.122,44.1623,50,2208.12,36
11.162,27.4246,50,1371.23,36
11.162,44.1623,50,2208.12,36
11.202,27.4246,50,1371.23,36
11.202,44.1623,50,2208.12,36
11.242,27.4246,50,1371.23,36
11.242,44.1623,50,2208.12,36
11.282,27.4246,50,1371.23,36
11.282,44.1623,50,2208.12,36
11.322,27.4246,50,1371.23,36
11.322,44.1623,50,2208.12,36
11.362,27.4246,50,1371.23,36
11.362,44.1623,50,2208.12,36
11.402,27.4246,50,1371.23,36
11.402,44.1623,50,2208.12,36
11.442,27.4246,50,1371.23,36
11.442,44.1623,50,2208.12,36
11.482,27.4246,50,1371.23,36
11.482,44.1623,50,2208.12,36
11.522,27.4246,50,1371.23,36
11.522,44.1623,50,2208.12,36
11.562,27.4246,50,1371.23,36
11.562,44.1623,50,2208.12,36
11.602,27.4246,50,1371.23,36
11.602,44.1623,50,2208.12,36
11.642,27.4246,50,1371.23,36
11.642,44.1623,50,2208.12,36
11.682,27.4246,50,1371.23,36
11.682,44.1623,50,2208.12,36
11.722,27.4246,50,1371.23,36
11.722,44.1623,50,2208.12,36
11.762,27.4246,50,1371.23,36
11.762,44.1623,50,2208.12,36
11.802,27.4246,50,1371.23,36
11.802,44.1623,50,2208.12,36
11.842,27.4246,50,1371.23,36
11.842,44.1623,50,2208.12,36
11.882,27.4246,50,1371.23,36
11.882,44.1623,50,2208.12,36
11.922,27.4246,50,1371.23,36
11.922,44.1623,50,2208.12,36
11.962,27.4246,50,1371.23,36
11.962,44.1623,50,2208.12,36
12.002,17.3906,50,869.53,36
12.002,46.3649,50,2318.24,36
12.042,17.9336,50,896.682,36
12.042,47.4556,50,2372.78,36
12.082,17.8372,50,891.86,36
12.082,47.4556,50,2372.78,36
12.122,17.8372,50,891.86,36
12.122,47.4556,50,2372.78,36
12.162,17.8372,50,891.86,36
12.162,47.4556,50,2372.78,36
12.202,17.8372,50,891.86,36
12.202,47.4556,50,2372.78,36
12.242,17.8372,50,891.86,36
12.242,47.4556,50,2372.78,36
12.282,17.8372,50,891.86,36
12.282,47.4556,50,2372.78,36
12.322,17.8372,50,891.86,36
12.322,47.4556,50,2372.78,36
12.362,17.8372,50,891.86,36
12.362,47.4556,50,2372.78,36
12.402,17.8372,50,891.86,36
12.402,47.4556,50,2372.78,36
12.442,17.8372,50,891.86,36
12.442,47.4556,50,2372.78,36
12.482,17.8372,50,891.86,36
12.482,47.4556,50,2372.78,36
12.522,17.8372,50,891.86,36
12.522,47.4556,50,2372.78,36
12.562,17.8372,50,891.86,36
12.562,47.4556,50,2372.78,36
12.602,17.8372,50,891.86,36
12.602,47.4556,50,2372.78,36
12.642,17.8372,50,891.86,36
12.642,47.4556,50,2372.78,36
12.682,17.8372,50,891.86,36
12.682,47.4556,50,2372.78,36
12.722,17.8372,50,891.86,36
12.722,47.4556,50,2372.78,36
12.762,17.8372,50,891.86,36
12.762,47.4556,50,2372.78,36
12.802,17.8372,50,891.86,36
12.802,47.4556,50,2372.78,36
12.842,17.8372,50,891.86,36
12.842,47.4556,50,2372.78,36
12.882,17.8372,50,891.86,36
12.882,47.4556,50,2372.78,36
12.922,17.8372,50,891.86,36
12.922,47.4556,50,2372.78,36
12.962,17.8372,50,891.86,36
12.962,47.4556,50,2372.78,36
13.002,26.6887,50,1334.43,36
13.002,54.9357,50,2746.78,36
13.042,26.6232,50,1331.16,36
13.042,54.6006,50,2730.03,36
13.082,26.3663,50,1318.32,36
13.082,54.6006,50,2730.03,36
13.122,26.3663,50,1318.32,36
13.122,54.6006,50,2730.03,36
13.162,26.3663,50,1318.32,36
13.162,54.6006,50,2730.03,36
13.202,26.3663,50,1318.32,36
13.202,54.6006,50,2730.03,36
13.242,26.3663,50,1318.32,36
13.242,54.6006,50,2730.03,36
13.282,26.3663,50,1318.32,36
13.282,54.6006,50,2730.03,36
13.322,26.3663,50,1318.32,36
13.322,54.6006,50,2730.03,36
13.362,26.3663,50,1318.32,36
13.362,54.6006,50,2730.03,36
13.402,26.3663,50,1318.32,36
13.402,54.6006,50,2730.03,36
13.442,26.3663,50,1318.32,36
13.442,54.6006,50,2730.03,36
13.482,26.3663,50,1318.32,36
13.482,54.6006,50,2730.03,36
13.522,26.3663,50,1318.32,36
13.522,54.6006,50,2730.03,36
13.562,26.3663,50,1318.32,36
13.562,54.6006,50,2730.03,36
13.602,26.3663,50,1318.32,36
13.602,54.6006,50,2730.03,36
13.642,26.3663,50,1318.32,36
13.642,54.6006,50,2730.03,36
13.682,26.3663,50,1318.32,36
13.682,54.6006,50,2730.03,36
13.722,26.3663,50,1318.32,36
13.722,54.6006,50,2730.03,36
13.762,26.3663,50,1318.32,36
13.762,54.6006,50,2730.03,36
13.802,26.3663,50,1318.32,36
13.802,54.6006,50,2730.03,36
13.842,26.3663,50,1318.32,36
13.842,54.6006,50,2730.03,36
13.882,26.3663,50,1318.32,36
13.882,54.6006,50,2730.03,36
13.922,26.3663,50,1318.32,36
13.922,54.6006,50,2730.03,36
13.962,26.3663,50,1318.32,36
13.962,54.6006,50,2730.03,36
14.002,30.9172,50,1545.86,36
14.002,43.5741,50,2178.71,36
14.042,33.0333,50,1651.66,36
14.042,45.6307,50,2281.53,36
14.082,32.8856,50,1644.28,36
14.082,45.6307,50,2281.53,36
14.122,32.8856,50,1644.28,36
14.122,45.6307,50,2281.53,36
14.162,32.8856,50,1644.28,36
14.162,45.6307,50,2281.53,36
14.202,32.8856,50,1644.28,36
14.202,45.6307,50,2281.53,36
14.242,32.8856,50,1644.28,36
14.242,45.6307,50,2281.53,36
14.282,32.8856,50,1644.28,36
14.282,45.6307,50,2281.53,36
14.322,32.8856,50,1644.28,36
14.322,45.6307,50,2281.53,36
14.362,32.8856,50,1644.28,36
14.362,45.6307,50,2281.53,36
14.402,32.8856,50,1644.28,36
14.402,45.6307,50,2281.53,36
14.442,32.8856,50,1644.28,36
14.442,45.6307,50,2281.53,36
14.482,32.8856,50,1644.28,36
14.482,45.6307,50,2281.53,36
14.522,32.8856,50,1644.28,36
14.522,45.6307,50,2281.53,36
14.562,32.8856,50,1644.28,36
14.562,45.6307,50,2281.53,36
14.602,32.8856,50,1644.28,36
14.602,45.6307,50,2281.53,36
14.642,32.8856,50,1644.28,36
14.642,45.6307,50,2281.53,36
14.682,32.8856,50,1644.28,36
14.682,45.6307,50,2281.53,36
14.722,32.8856,50,1644.28,36
14.722,45.6307,50,2281.53,36
14.762,32.8856,50,1644.28,36
14.762,45.6307,50,2281.53,36
14.802,32.8856,50,1644.28,36
14.802,45.6307,50,2281.53,36
14.842,32.8856,50,1644.28,36
14.842,45.6307,50,2281.53,36
14.882,32.8856,50,1644.28,36
14.882,45.6307,50,2281.53,36
14.922,32.8856,50,1644.28,36
14.922,45.6307,50,2281.53,36
14.962,32.8856,50,1644.28,36
14.962,45.6307,50,2281.53,36
15.002,41.5061,50,2075.31,36
15.002,32.076,50,1603.8,36
15.042,40.9997,50,2049.98,36
15.042,34.4652,50,1723.26,36
15.082,42.2888,50,2114.44,36
15.082,34.4652,50,1723.26,36
15.122,42.2888,50,2114.44,36
15.122,34.4652,50,1723.26,36
15.162,42.2888,50,2114.44,36
15.162,34.4652,50,1723.26,36
15.202,42.2888,50,2114.44,36
15.202,34.4652,50,1723.26,36
15.242,42.2888,50,2114.44,36
15.242,34.4652,50,1723.26,36
15.282,42.2888,50,2114.44,36
15.282,34.4652,50,1723.26,36
15.322,42.2888,50,2114.44,36
15.322,34.4652,50,1723.26,36
15.362,42.2888,50,2114.44,36
15.362,34.4652,50,1723.26,36
15.402,42.2888,50,2114.44,36
15.402,34.4652,50,1723.26,36
15.442,42.2888,50,2114.44,36
15.442,34.4652,50,1723.26,36
15.482,42.2888,50,2114.44,36
15.482,34.4652,50,1723.26,36
15.522,42.2888,50,2114.44,36
15.522,34.4652,50,1723.26,36
15.562,42.2888,50,2114.44,36
15.562,34.4652,50,1723.26,36
15.602,42.2888,50,2114.44,36
15.602,34.4652,50,1723.26,36
15.642,42.2888,50,2114.44,36
15.642,34.4652,50,1723.26,36
15.682,42.2888,50,2114.44,36
15.682,34.4652,50,1723.26,36
15.722,42.2888,50,2114.44,36
15.722,34.4652,50,1723.26,36
15.762,42.2888,50,2114.44,36
15.762,34.4652,50,1723.26,36
15.802,42.2888,50,2114.44,36
15.802,34.4652,50,1723.26,36
15.842,42.2888,50,2114.44,36
15.842,34.4652,50,1723.26,36
15.882,42.2888,50,2114.44,36
15.882,34.4652,50,1723.26,36
15.922,42.2888,50,2114.44,36
15.922,34.4652,50,1723.26,36
15.962,42.2888,50,2114.44,36
15.962,34.4652,50,1723.26,36
16.002,26.6475,50,1332.38,36
16.002,43.4667,50,2173.34,36
16.042,26.4623,50,1323.11,36
16.042,44.9812,50,2249.06,36
16.082,26.9368,50,1346.84,36
16.082,44.9812,50,2249.06,36
16.122,26.9368,50,1346.84,36
16.122,44.9812,50,2249.06,36
16.162,26.9368,50,1346.84,36
16.162,44.9812,50,2249.06,36
16.202,26.9368,50,1346.84,36
16.202,44.9812,50,2249.06,36
16.242,26.9368,50,1346.84,36
16.242,44.9812,50,2249.06,36
16.282,26.9368,50,1346.84,36
16.282,44.9812,50,2249.06,36
16.322,26.9368,50,1346.84,36
16.322,44.9812,50,2249.06,36
16.362,26.9368,50,1346.84,36
16.362,44.9812,50,2249.06,36
16.402,26.9368,50,1346.84,36
16.402,44.9812,50,2249.06,36
16.442,26.9368,50,1346.84,36
16.442,44.9812,50,2249.06,36
16.482,26.9368,50,1346.84,36
16.482,44.9812,50,2249.06,36
16.522,26.9368,50,1346.84,36
16.522,44.9812,50,2249.06,36
16.562,26.9368,50,1346.84,36
16.562,44.9812,50,2249.06,36
16.602,26.9368,50,1346.84,36
16.602,44.9812,50,2249.06,36
16.642,26.9368,50,1346.84,36
16.642,44.9812,50,2249.06,36
16.682,26.9368,50,1346.84,36
16.682,44.9812,50,2249.06,36
16.722,26.9368,50,1346.84,36
16.722,44.9812,50,2249.06,36
16.762,26.9368,50,1346.84,36
16.762,44.9812,50,2249.06,36
16.802,26.9368,50,1346.84,36
16.802,44.9812,50,2249.06,36
16.842,26.9368,50,1346.84,36
16.842,44.9812,50,2249.06,36
16.882,26.9368,50,1346.84,36
16.882,44.9812,50,2249.06,36
16.922,26.9368,50,1346.84,36
16.922,44.9812,50,2249.06,36
16.962,26.9368,50,1346.84,36
16.962,44.9812,50,2249.06,36
17.002,8.56945,50,428.472,36
17.002,43.018,50,2150.9,36
17.042,8.33446,50,416.723,36
17.042,44.3334,50,2216.67,36
17.082,8.95444,50,447.722,36
17.082,44.3334,50,2216.67,36
17.122,8.95444,50,447.722,36
17.122,44.3334,50,2216.67,36
17.162,8.95444,50,447.722,36
17.162,44.3334,50,2216.67,36
17.202,8.95444,50,447.722,36
17.202,44.3334,50,2216.67,36
17.242,8.95444,50,447.722,36
17.242,44.3334,50,2216.67,36
17.282,8.95444,50,447.722,36
17.282,44.3334,50,2216.67,36
17.322,8.95444,50,447.722,36
17.322,44.3334,50,2216.67,36
17.362,8.95444,50,447.722,36
17.362,44.3334,50,2216.67,36
17.402,8.95444,50,447.722,36
17.402,44.3334,50,2216.67,36
17.442,8.95444,50,447.722,36
17.442,44.3334,50,2216.67,36
17.482,8.95444,50,447.722,36
17.482,44.3334,50,2216.67,36
17.522,8.95444,50,447.722,36
17.522,44.3334,50,2216.67,36
17.562,8.95444,50,447.722,36
17.562,44.3334,50,2216.67,36
17.602,8.95444,50,447.722,36
17.602,44.3334,50,2216.67,36
17.642,8.95444,50,447.722,36
17.642,44.3334,50,2216.67,36
17.682,8.95444,50,447.722,36
17.682,44.3334,50,2216.67,36
17.722,8.95444,50,447.722,36
17.722,44.3334,50,2216.67,36
17.762,8.95444,50,447.722,36
17.762,44.3334,50,2216.67,36
17.802,8.95444,50,447.722,36
17.802,44.3334,50,2216.67,36
17.842,8.95444,50,447.722,36
17.842,44.3334,50,2216.67,36
17.882,8.95444,50,447.722,36
17.882,44.3334,50,2216.67,36
17.922,8.95444,50,447.722,36
17.922,44.3334,50,2216.67,36
17.962,8.95444,50,447.722,36
17.962,44.3334,50,2216.67,36
18.002,18.9512,50,947.561,36
18.002,40.6168,50,2030.84,36
18.042,18.5497,50,927.485,36
18.042,41.2069,50,2060.35,36
18.082,19.3643,50,968.214,36
18.082,41.2069,50,2060.35,36
18.122,19.3643,50,968.214,36
18.122,41.2069,50,2060.35,36
18.162,19.3643,50,968.214,36
18.162,41.2069,50,2060.35,36
18.202,19.3643,50,968.214,36
18.202,41.2069,50,2060.35,36
18.242,19.3643,50,968.214,36
18.242,41.2069,50,2060.35,36
18.282,19.3643,50,968.214,36
18.282,41.2069,50,2060.35,36
18.322,19.3643,50,968.214,36
18.322,41.2069,50,2060.35,36
18.362,19.3643,50,968.214,36
18.362,41.2069,50,2060.35,36
18.402,19.3643,50,968.214,36
18.402,41.2069,50,2060.35,36
18.442,19.3643,50,968.214,36
18.442,41.2069,50,2060.35,36
18.482,19.3643,50,968.214,36
18.482,41.2069,50,2060.35,36
18.522,19.3643,50,968.214,36
18.522,41.2069,50,2060.35,36
18.562,19.3643,50,968.214,36
18.562,41.2069,50,2060.35,36
18.602,19.3643,50,968.214,36
18.602,41.2069,50,2060.35,36
18.642,19.3643,50,968.214,36
18.642,41.2069,50,2060.35,36
18.682,19.3643,50,968.214,36
18.682,41.2069,50,2060.35,36
18.722,19.3643,50,968.214,36
18.722,41.2069,50,2060.35,36
18.762,19.3643,50,968.214,36
18.762,41.2069,50,2060.35,36
18.802,19.3643,50,968.214,36
18.802,41.2069,50,2060.35,36
18.842,19.3643,50,968.214,36
18.842,41.2069,50,2060.35,36
18.882,19.3643,50,968.214,36
18.882,41.2069,50,2060.35,36
18.922,19.3643,50,968.214,36
18.922,41.2069,50,2060.35,36
18.962,19.3643,50,968.214,36
18.962,41.2069,50,2060.35,36
19.002,29.4507,50,1472.54,36
19.002,42.7648,50,2138.24,36
19.042,27.006,50,1350.3,36
19.042,43.8686,50,2193.43,36
19.082,28.2925,50,1414.62,36
19.082,43.8686,50,2193.43,36
19.122,28.2925,50,1414.62,36
19.122,43.8686,50,2193.43,36
19.162,28.2925,50,1414.62,36
19.162,43.8686,50,2193.43,36
19.202,28.2925,50,1414.62,36
19.202,43.8686,50,2193.43,36
19.242,28.2925,50,1414.62,36
19.242,43.8686,50,2193.43,36
19.282,28.2925,50,1414.62,36
19.282,43.8686,50,2193.43,36
19.322,28.2925,50,1414.62,36
19.322,43.8686,50,2193.43,36
19.362,28.2925,50,1414.62,36
19.362,43.8686,50,2193.43,36
19.402,28.2925,50,1414.62,36
19.402,43.8686,50,2193.43,36
19.442,28.2925,50,1414.62,36
19.442,43.8686,50,2193.43,36
19.482,28.2925,50,1414.62,36
19.482,43.8686,50,2193.43,36
19.522,28.2925,50,1414.62,36
19.522,43.8686,50,2193.43,36
19.562,28.2925,50,1414.62,36
19.562,43.8686,50,2193.43,36
19.602,28.2925,50,1414.62,36
19.602,43.8686,50,2193.43,36
19.642,28.2925,50,1414.62,36
19.642,43.8686,50,2193.43,36
19.682,28.2925,50,1414.62,36
19.682,43.8686,50,2193.43,36
19.722,28.2925,50,1414.62,36
19.722,43.8686,50,2193.43,36
19.762,28.2925,50,1414.62,36
19.762,43.8686,50,2193.43,36
19.802,28.2925,50,1414.62,36
19.802,43.8686,50,2193.43,36
19.842,28.2925,50,1414.62,36
19.842,43.8686,50,2193.43,36
19.882,28.2925,50,1414.62,36
19.882,43.8686,50,2193.43,36
19.922,28.2925,50,1414.62,36
19.922,43.8686,50,2193.43,36
19.962,28.2925,50,1414.62,36
19.962,43.8686,50,2193.43,36
20.002,30.5211,50,1526.05,36
20.002,35.4618,50,1773.09,36
20.042,30.5534,50,1527.67,36
20.042,37.7886,50,1889.43,36
20.082,31.0898,50,1554.49,36
20.082,37.7886,50,1889.43,36
20.122,31.0898,50,1554.49,36
20.122,37.7886,50,1889.43,36
20.162,31.0898,50,1554.49,36
20.162,37.7886,50,1889.43,36
20.202,31.0898,50,1554.49,36
20.202,37.7886,50,1889.43,36
20.242,31.0898,50,1554.49,36
20.242,37.7886,50,1889.43,36
20.282,31.0898,50,1554.49,36
20.282,37.7886,50,1889.43,36
20.322,31.0898,50,1554.49,36
20.322,37.7886,50,1889.43,36
20.362,31.0898,50,1554.49,36
20.362,37.7886,50,1889.43,36
20.402,31.0898,50,1554.49,36
20.402,37.7886,50,1889.43,36
20.442,31.0898,50,1554.49,36
20.442,37.7886,50,1889.43,36
20.482,31.0898,50,1554.49,36
20.482,37.7886,50,1889.43,36
20.522,31.0898,50,1554.49,36
20.522,37.7886,50,1889.43,36
20.562,31.0898,50,1554.49,36
20.562,37.7886,50,1889.43,36
20.602,31.0898,50,1554.49,36
20.602,37.7886,50,1889.43,36
20.642,31.0898,50,1554.49,36
20.642,37.7886,50,1889.43,36
20.682,31.0898,50,1554.49,36
20.682,37.7886,50,1889.43,36
20.722,31.0898,50,1554.49,36
20.722,37.7886,50,1889.43,36
20.762,31.0898,50,1554.49,36
20.762,37.7886,50,1889.43,36
20.802,31.0898,50,1554.49,36
20.802,37.7886,50,1889.43,36
20.842,31.0898,50,1554.49,36
20.842,37.7886,50,1889.43,36
20.882,31.0898,50,1554.49,36
20.882,37.7886,50,1889.43,36
20.922,31.0898,50,1554.49,36
20.922,37.7886,50,1889.43,36
20.962,31.0898,50,1554.49,36
20.962,37.7886,50,1889.43,36
21.002,31.5575,50,1577.87,36
21.002,45.4195,50,2270.97,36
21.042,31.2993,50,1564.96,36
21.042,46.3359,50,2316.79,36
21.082,31.8582,50,1592.91,36
21.082,46.3359,50,2316.79,36
21.122,31.8582,50,1592.91,36
21.122,46.3359,50,2316.79,36
21.162,31.8582,50,1592.91,36
21.162,46.3359,50,2316.79,36
21.202,31.8582,50,1592.91,36
21.202,46.3359,50,2316.79,36
21.242,31.8582,50,1592.91,36
21.242,46.3359,50,2316.79,36
21.282,31.8582,50,1592.91,36
21.282,46.3359,50,2316.79,36
21.322,31.8582,50,1592.91,36
21.322,46.3359,50,2316.79,36
21.362,31.8582,50,1592.91,36
21.362,46.3359,50,2316.79,36
21.402,31.8582,50,1592.91,36
21.402,46.3359,50,2316.79,36
21.442,31.8582,50,1592.91,36
21.442,46.3359,50,2316.79,36
21.482,31.8582,50,1592.91,36
21.482,46.3359,50,2316.79,36
21.522,31.8582,50,1592.91,36
21.522,46.3359,50,2316.79,36
21.562,31.8582,50,1592.91,36
21.562,46.3359,50,2316.79,36
21.602,31.8582,50,1592.91,36
21.602,46.3359,50,2316.79,36
21.642,31.8582,50,1592.91,36
21.642,46.3359,50,2316.79,36
21.682,31.8582,50,1592.91,36
21.682,46.3359,50,2316.79,36
21.722,31.8582,50,1592.91,36
21.722,46.3359,50,2316.79,36
21.762,31.8582,50,1592.91,36
21.762,46.3359,50,2316.79,36
21.802,31.8582,50,1592.91,36
21.802,46.3359,50,2316.79,36
21.842,31.8582,50,1592.91,36
21.842,46.3359,50,2316.79,36
21.882,31.8582,50,1592.91,36
21.882,46.3359,50,2316.79,36
21.922,31.8582,50,1592.91,36
21.922,46.3359,50,2316.79,36
21.962,31.8582,50,1592.91,36
21.962,46.3359,50,2316.79,36
22.002,23.7712,50,1188.56,36
22.002,36.7404,50,1837.02,36
22.042,24.4355,50,1221.78,36
22.042,38.0321,50,1901.6,36
22.082,24.4016,50,1220.08,36
22.082,38.0321,50,1901.6,36
22.122,24.4016,50,1220.08,36
22.122,38.0321,50,1901.6,36
22.162,24.4016,50,1220.08,36
22.162,38.0321,50,1901.6,36
22.202,24.4016,50,1220.08,36
22.202,38.0321,50,1901.6,36
22.242,24.4016,50,1220.08,36
22.242,38.0321,50,1901.6,36
22.282,24.4016,50,1220.08,36
22.282,38.0321,50,1901.6,36
22.322,24.4016,50,1220.08,36
22.322,38.0321,50,1901.6,36
22.362,24.4016,50,1220.08,36
22.362,38.0321,50,1901.6,36
22.402,24.4016,50,1220.08,36
22.402,38.0321,50,1901.6,36
22.442,24.4016,50,1220.08,36
22.442,38.0321,50,1901.6,36
22.482,24.4016,50,1220.08,36
22.482,38.0321,50,1901.6,36
22.522,24.4016,50,1220.08,36
22.522,38.0321,50,1901.6,36
22.562,24.4016,50,1220.08,36
22.562,38.0321,50,1901.6,36
22.602,24.4016,50,1220.08,36
22.602,38.0321,50,1901.6,36
22.642,24.4016,50,1220.08,36
22.642,38.0321,50,1901.6,36
22.682,24.4016,50,1220.08,36
22.682,38.0321,50,1901.6,36
22.722,24.4016,50,1220.08,36
22.722,38.0321,50,1901.6,36
22.762,24.4016,50,1220.08,36
22.762,38.0321,50,1901.6,36
22.802,24.4016,50,1220.08,36
22.802,38.0321,50,1901.6,36
22.842,24.4016,50,1220.08,36
22.842,38.0321,50,1901.6,36
22.882,24.4016,50,1220.08,36
22.882,38.0321,50,1901.6,36
22.922,24.4016,50,1220.08,36
22.922,38.0321,50,1901.6,36
22.962,24.4016,50,1220.08,36
22.962,38.0321,50,1901.6,36
23.002,13.4631,50,673.155,36
23.002,49.4008,50,2470.04,36
23.042,14.464,50,723.2,36
23.042,50.6983,50,2534.91,36
23.082,13.3962,50,669.812,36
23.082,50.6983,50,2534.91,36
23.122,13.3962,50,669.812,36
23.122,50.6983,50,2534.91,36
23.162,13.3962,50,669.812,36
23.162,50.6983,50,2534.91,36
23.202,13.3962,50,669.812,36
23.202,50.6983,50,2534.91,36
23.242,13.3962,50,669.812,36
23.242,50.6983,50,2534.91,36
23.282,13.3962,50,669.812,36
23.282,50.6983,50,2534.91,36
23.322,13.3962,50,669.812,36
23.322,50.6983,50,2534.91,36
23.362,13.3962,50,669.812,36
23.362,50.6983,50,2534.91,36
23.402,13.3962,50,669.812,36
23.402,50.6983,50,2534.91,36
23.442,13.3962,50,669.812,36
23.442,50.6983,50,2534.91,36
23.482,13.3962,50,669.812,36
23.482,50.6983,50,2534.91,36
23.522,13.3962,50,669.812,36
23.522,50.6983,50,2534.91,36
23.562,13.3962,50,669.812,36
23.562,50.6983,50,2534.91,36
23.602,13.3962,50,669.812,36
23.602,50.6983,50,2534.91,36
23.642,13.3962,50,669.812,36
23.642,50.6983,50,2534.91,36
23.682,13.3962,50,669.812,36
23.682,50.6983,50,2534.91,36
23.722,13.3962,50,669.812,36
23.722,50.6983,50,2534.91,36
23.762,13.3962,50,669.812,36
23.762,50.6983,50,2534.91,36
23.802,13.3962,50,669.812,36
23.802,50.6983,50,2534.91,36
23.842,13.3962,50,669.812,36
23.842,50.6983,50,2534.91,36
23.882,13.3962,50,669.812,36
23.882,50.6983,50,2534.91,36
23.922,13.3962,50,669.812,36
23.922,50.6983,50,2534.91,36
23.962,13.3962,50,669.812,36
23.962,50.6983,50,2534.91,36
24.002,20.6736,50,1033.68,36
24.002,44.4742,50,2223.71,36
24.042,20.0044,50,1000.22,36
24.042,46.2399,50,2311.99,36
24.082,20.4246,50,1021.23,36
24.082,46.2399,50,2311.99,36
24.122,20.4246,50,1021.23,36
24.122,46.2399,50,2311.99,36
24.162,20.4246,50,1021.23,36
24.162,46.2399,50,2311.99,36
24.202,20.4246,50,1021.23,36
24.202,46.2399,50,2311.99,36
24.242,20.4246,50,1021.23,36
24.242,46.2399,50,2311.99,36
24.282,20.4246,50,1021.23,36
24.282,46.2399,50,2311.99,36
24.322,20.4246,50,1021.23,36
24.322,46.2399,50,2311.99,36
24.362,20.4246,50,1021.23,36
24.362,46.2399,50,2311.99,36
24.402,20.4246,50,1021.23,36
24.402,46.2399,50,2311.99,36
24.442,20.4246,50,1021.23,36
24.442,46.2399,50,2311.99,36
24.482,20.4246,50,1021.23,36
24.482,46.2399,50,2311.99,36
24.522,20.4246,50,1021.23,36
24.522,46.2399,50,2311.99,36
24.562,20.4246,50,1021.23,36
24.562,46.2399,50,2311.99,36
24.602,20.4246,50,1021.23,36
24.602,46.2399,50,2311.99,36
24.642,20.4246,50,1021.23,36
24.642,46.2399,50,2311.99,36
24.682,20.4246,50,1021.23,36
24.682,46.2399,50,2311.99,36
24.722,20.4246,50,1021.23,36
24.722,46.2399,50,2311.99,36
24.762,20.4246,50,1021.23,36
24.762,46.2399,50,2311.99,36
24.802,20.4246,50,1021.23,36
24.802,46.2399,50,2311.99,36
24.842,20.4246,50,1021.23,36
24.842,46.2399,50,2311.99,36
24.882,20.4246,50,1021.23,36
24.882,46.2399,50,2311.99,36
24.922,20.4246,50,1021.23,36
24.922,46.2399,50,2311.99,36
24.962,20.4246,50,1021.23,36
24.962,46.2399,50,2311.99,36
25.002,28.7193,50,1435.96,36
25.002,48.2044,50,2410.22,36
25.042,26.461,50,1323.05,36
25.042,50.4344,50,2521.72,36
25.082,28.5276,50,1426.38,36
25.082,50.4344,50,2521.72,36
25.122,28.5276,50,1426.38,36
25.122,50.4344,50,2521.72,36
25.162,28.5276,50,1426.38,36
25.162,50.4344,50,2521.72,36
25.202,28.5276,50,1426.38,36
25.202,50.4344,50,2521.72,36
25.242,28.5276,50,1426.38,36
25.242,50.4344,50,2521.72,36
25.282,28.5276,50,1426.38,36
25.282,50.4344,50,2521.72,36
25.322,28.5276,50,1426.38,36
25.322,50.4344,50,2521.72,36
25.362,28.5276,50,1426.38,36
25.362,50.4344,50,2521.72,36
25.402,28.5276,50,1426.38,36
25.402,50.4344,50,2521.72,36
25.442,28.5276,50,1426.38,36
25.442,50.4344,50,2521.72,36
25.482,28.5276,50,1426.38,36
25.482,50.4344,50,2521.72,36
25.522,28.5276,50,1426.38,36
25.522,50.4344,50,2521.72,36
25.562,28.5276,50,1426.38,36
25.562,50.4344,50,2521.72,36
25.602,28.5276,50,1426.38,36
25.602,50.4344,50,2521.72,36
25.642,28.5276,50,1426.38,36
25.642,50.4344,50,2521.72,36
25.682,28.5276,50,1426.38,36
25.682,50.4344,50,2521.72,36
25.722,28.5276,50,1426.38,36
25.722,50.4344,50,2521.72,36
25.762,28.5276,50,1426.38,36
25.762,50.4344,50,2521.72,36
25.802,28.5276,50,1426.38,36
25.802,50.4344,50,2521.72,36
25.842,28.5276,50,1426.38,36
25.842,50.4344,50,2521.72,36
25.882,28.5276,50,1426.38,36
25.882,50.4344,50,2521.72,36
25.922,28.5276,50,1426.38,36
25.922,50.4344,50,2521.72,36
25.962,28.5276,50,1426.38,36
25.962,50.4344,50,2521.72,36
26.002,43.4687,50,2173.43,36
26.002,36.2318,50,1811.59,36
26.042,43.0167,50,2150.83,36
26.042,37.5372,50,1876.86,36
26.082,43.699,50,2184.95,36
26.082,37.5372,50,1876.86,36
26.122,43.699,50,2184.95,36
26.122,37.5372,50,1876.86,36
26.162,43.699,50,2184.95,36
26.162,37.5372,50,1876.86,36
26.202,43.699,50,2184.95,36
26.202,37.5372,50,1876.86,36
26.242,43.699,50,2184.95,36
26.242,37.5372,50,1876.86,36
26.282,43.699,50,2184.95,36
26.282,37.5372,50,1876.86,36
26.322,43.699,50,2184.95,36
26.322,37.5372,50,1876.86,36
26.362,43.699,50,2184.95,36
26.362,37.5372,50,1876.86,36
26.402,43.699,50,2184.95,36
26.402,37.5372,50,1876.86,36
26.442,43.699,50,2184.95,36
26.442,37.5372,50,1876.86,36
26.482,43.699,50,2184.95,36
26.482,37.5372,50,1876.86,36
26.522,43.699,50,2184.95,36
26.522,37.5372,50,1876.86,36
26.562,43.699,50,2184.95,36
26.562,37.5372,50,1876.86,36
26.602,43.699,50,2184.95,36
26.602,37.5372,50,1876.86,36
26.642,43.699,50,2184.95,36
26.642,37.5372,50,1876.86,36
26.682,43.699,50,2184.95,36
26.682,37.5372,50,1876.86,36
26.722,43.699,50,2184.95,36
26.722,37.5372,50,1876.86,36
26.762,43.699,50,2184.95,36
26.762,37.5372,50,1876.86,36
26.802,43.699,50,2184.95,36
26.802,37.5372,50,1876.86,36
26.842,43.699,50,2184.95,36
26.842,37.5372,50,1876.86,36
26.882,43.699,50,2184.95,36
26.882,37.5372,50,1876.86,36
26.922,43.699,50,2184.95,36
26.922,37.5372,50,1876.86,36
26.962,43.699,50,2184.95,36
26.962,37.5372,50,1876.86,36
27.002,28.0068,50,1400.34,36
27.002,50.3363,50,2516.82,36
27.042,27.545,50,1377.25,36
27.042,52.9358,50,2646.79,36
27.082,28.4741,50,1423.71,36
27.082,52.9358,50,2646.79,36
27.122,28.4741,50,1423.71,36
27.122,52.9358,50,2646.79,36
27.162,28.4741,50,1423.71,36
27.162,52.9358,50,2646.79,36
27.202,28.4741,50,1423.71,36
27.202,52.9358,50,2646.79,36
27.242,28.4741,50,1423.71,36
27.242,52.9358,50,2646.79,36
27.282,28.4741,50,1423.71,36
27.282,52.9358,50,2646.79,36
27.322,28.4741,50,1423.71,36
27.322,52.9358,50,2646.79,36
27.362,28.4741,50,1423.71,36
27.362,52.9358,50,2646.79,36
27.402,28.4741,50,1423.71,36
27.402,52.9358,50,2646.79,36
27.442,28.4741,50,1423.71,36
27.442,52.9358,50,2646.79,36
27.482,28.4741,50,1423.71,36
27.482,52.9358,50,2646.79,36
27.522,28.4741,50,1423.71,36
27.522,52.9358,50,2646.79,36
27.562,28.4741,50,1423.71,36
27.562,52.9358,50,2646.79,36
27.602,28.4741,50,1423.71,36
27.602,52.9358,50,2646.79,36
27.642,28.4741,50,1423.71,36
27.642,52.9358,50,2646.79,36
27.682,28.4741,50,1423.71,36
27.682,52.9358,50,2646.79,36
27.722,28.4741,50,1423.71,36
27.722,52.9358,50,2646.79,36
27.762,28.4741,50,1423.71,36
27.762,52.9358,50,2646.79,36
27.802,28.4741,50,1423.71,36
27.802,52.9358,50,2646.79,36
27.842,28.4741,50,1423.71,36
27.842,52.9358,50,2646.79,36
27.882,28.4741,50,1423.71,36
27.882,52.9358,50,2646.79,36
27.922,28.4741,50,1423.71,36
27.922,52.9358,50,2646.79,36
27.962,28.4741,50,1423.71,36
27.962,52.9358,50,2646.79,36
28.002,25.922,50,1296.1,36
28.002,46.0792,50,2303.96,36
28.042,26.2974,50,1314.87,36
28.042,47.6327,50,2381.63,36
28.082,25.4003,50,1270.02,36
28.082,47.6327,50,2381.63,36
28.122,25.4003,50,1270.02,36
28.122,47.6327,50,2381.63,36
28.162,25.4003,50,1270.02,36
28.162,47.6327,50,2381.63,36
28.202,25.4003,50,1270.02,36
28.202,47.6327,50,2381.63,36
28.242,25.4003,50,1270.02,36
28.242,47.6327,50,2381.63,36
28.282,25.4003,50,1270.02,36
28.282,47.6327,50,2381.63,36
28.322,25.4003,50,1270.02,36
28.322,47.6327,50,2381.63,36
28.362,25.4003,50,1270.02,36
28.362,47.6327,50,2381.63,36
28.402,25.4003,50,1270.02,36
28.402,47.6327,50,2381.63,36
28.442,25.4003,50,1270.02,36
28.442,47.6327,50,2381.63,36
28.482,25.4003,50,1270.02,36
28.482,47.6327,50,2381.63,36
28.522,25.4003,50,1270.02,36
28.522,47.6327,50,2381.63,36
28.562,25.4003,50,1270.02,36
28.562,47.6327,50,2381.63,36
28.602,25.4003,50,1270.02,36
28.602,47.6327,50,2381.63,36
28.642,25.4003,50,1270.02,36
28.642,47.6327,50,2381.63,36
28.682,25.4003,50,1270.02,36
28.682,47.6327,50,2381.63,36
28.722,25.4003,50,1270.02,36
28.722,47.6327,50,2381.63,36
28.762,25.4003,50,1270.02,36
28.762,47.6327,50,2381.63,36
28.802,25.4003,50,1270.02,36
28.802,47.6327,50,2381.63,36
28.842,25.4003,50,1270.02,36
28.842,47.6327,50,2381.63,36
28.882,25.4003,50,1270.02,36
28.882,47.6327,50,2381.63,36
28.922,25.4003,50,1270.02,36
28.922,47.6327,50,2381.63,36
28.962,25.4003,50,1270.02,36
28.962,47.6327,50,2381.63,36
29.002,25.866,50,1293.3,36
29.002,43.1587,50,2157.93,36
29.042,26.8832,50,1344.16,36
29.042,44.1209,50,2206.05,36
29.082,26.284,50,1314.2,36
29.082,44.1209,50,2206.05,36
29.122,26.284,50,1314.2,36
29.122,44.1209,50,2206.05,36
29.162,26.284,50,1314.2,36
29.162,44.1209,50,2206.05,36
29.202,26.284,50,1314.2,36
29.202,44.1209,50,2206.05,36
29.242,26.284,50,1314.2,36
29.242,44.1209,50,2206.05,36
29.282,26.284,50,1314.2,36
29.282,44.1209,50,2206.05,36
29.322,26.284,50,1314.2,36
29.322,44.1209,50,2206.05,36
29.362,26.284,50,1314.2,36
29.362,44.1209,50,2206.05,36
29.402,26.284,50,1314.2,36
29.402,44.1209,50,2206.05,36
29.442,26.284,50,1314.2,36
29.442,44.1209,50,2206.05,36
29.482,26.284,50,1314.2,36
29.482,44.1209,50,2206.05,36
29.522,26.284,50,1314.2,36
29.522,44.1209,50,2206.05,36
29.562,26.284,50,1314.2,36
29.562,44.1209,50,2206.05,36
29.602,26.284,50,1314.2,36
29.602,44.1209,50,2206.05,36
29.642,26.284,50,1314.2,36
29.642,44.1209,50,2206.05,36
29.682,26.284,50,1314.2,36
29.682,44.1209,50,2206.05,36
29.722,26.284,50,1314.2,36
29.722,44.1209,50,2206.05,36
29.762,26.284,50,1314.2,36
29.762,44.1209,50,2206.05,36
29.802,26.284,50,1314.2,36
29.802,44.1209,50,2206.05,36
29.842,26.284,50,1314.2,36
29.842,44.1209,50,2206.05,36
29.882,26.284,50,1314.2,36
29.882,44.1209,50,2206.05,36
29.922,26.284,50,1314.2,36
29.922,44.1209,50,2206.05,36
29.962,26.284,50,1314.2,36
29.962,44.1209,50,2206.05,36
30.002,17.5549,50,877.743,36
30.002,46.4346,50,2321.73,36
30.042,17.6166,50,880.832,36
30.042,48.3646,50,2418.23,36
30.082,18.2048,50,910.239,36
30.082,48.3646,50,2418.23,36
30.122,18.2048,50,910.239,36
30.122,48.3646,50,2418.23,36
30.162,18.2048,50,910.239,36
30.162,48.3646,50,2418.23,36
30.202,18.2048,50,910.239,36
30.202,48.3646,50,2418.23,36
30.242,18.2048,50,910.239,36
30.242,48.3646,50,2418.23,36
30.282,18.2048,50,910.239,36
30.282,48.3646,50,2418.23,36
30.322,18.2048,50,910.239,36
30.322,48.3646,50,2418.23,36
30.362,18.2048,50,910.239,36
30.362,48.3646,50,2418.23,36
30.402,18.2048,50,910.239,36
30.402,48.3646,50,2418.23,36
30.442,18.2048,50,910.239,36
30.442,48.3646,50,2418.23,36
30.482,18.2048,50,910.239,36
30.482,48.3646,50,2418.23,36
30.522,18.2048,50,910.239,36
30.522,48.3646,50,2418.23,36
30.562,18.2048,50,910.239,36
30.562,48.3646,50,2418.23,36
30.602,18.2048,50,910.239,36
30.602,48.3646,50,2418.23,36
30.642,18.2048,50,910.239,36
30.642,48.3646,50,2418.23,36
30.682,18.2048,50,910.239,36
30.682,48.3646,50,2418.23,36
30.722,18.2048,50,910.239,36
30.722,48.3646,50,2418.23,36
30.762,18.2048,50,910.239,36
30.762,48.3646,50,2418.23,36
30.802,18.2048,50,910.239,36
30.802,48.3646,50,2418.23,36
30.842,18.2048,50,910.239,36
30.842,48.3646,50,2418.23,36
30.882,18.2048,50,910.239,36
30.882,48.3646,50,2418.23,36
30.922,18.2048,50,910.239,36
30.922,48.3646,50,2418.23,36
30.962,18.2048,50,910.239,36
30.962,48.3646,50,2418.23,36
31.002,18.6233,50,931.167,36
31.002,34.3284,50,1716.42,36
31.042,17.6158,50,880.788,36
31.042,36.3564,50,1817.82,36
31.082,18.7957,50,939.785,36
31.082,36.3564,50,1817.82,36
31.122,18.7957,50,939.785,36
31.122,36.3564,50,1817.82,36
31.162,18.7957,50,939.785,36
31.162,36.3564,50,1817.82,36
31.202,18.7957,50,939.785,36
31.202,36.3564,50,1817.82,36
31.242,18.7957,50,939.785,36
31.242,36.3564,50,1817.82,36
31.282,18.7957,50,939.785,36
31.282,36.3564,50,1817.82,36
31.322,18.7957,50,939.785,36
31.322,36.3564,50,1817.82,36
31.362,18.7957,50,939.785,36
31.362,36.3564,50,1817.82,36
31.402,18.7957,50,939.785,36
31.402,36.3564,50,1817.82,36
31.442,18.7957,50,939.785,36
31.442,36.3564,50,1817.82,36
31.482,18.7957,50,939.785,36
31.482,36.3564,50,1817.82,36
31.522,18.7957,50,939.785,36
31.522,36.3564,50,1817.82,36
31.562,18.7957,50,939.785,36
31.562,36.3564,50,1817.82,36
31.602,18.7957,50,939.785,36
31.602,36.3564,50,1817.82,36
31.642,18.7957,50,939.785,36
31.642,36.3564,50,1817.82,36
31.682,18.7957,50,939.785,36
31.682,36.3564,50,1817.82,36
31.722,18.7957,50,939.785,36
31.722,36.3564,50,1817.82,36
31.762,18.7957,50,939.785,36
31.762,36.3564,50,1817.82,36
31.802,18.7957,50,939.785,36
31.802,36.3564,50,1817.82,36
31.842,18.7957,50,939.785,36
31.842,36.3564,50,1817.82,36
31.882,18.7957,50,939.785,36
31.882,36.3564,50,1817.82,36
31.922,18.7957,50,939.785,36
31.922,36.3564,50,1817.82,36
31.962,18.7957,50,939.785,36
31.962,36.3564,50,1817.82,36
32.002,23.3048,50,1165.24,36
32.002,43.5082,50,2175.41,36
32.042,23.5656,50,1178.28,36
32.042,45.8289,50,2291.44,36
32.082,23.1088,50,1155.44,36
32.082,45.8289,50,2291.44,36
32.122,23.1088,50,1155.44,36
32.122,45.8289,50,2291.44,36
32.162,23.1088,50,1155.44,36
32.162,45.8289,50,2291.44,36
32.202,23.1088,50,1155.44,36
32.202,45.8289,50,2291.44,36
32.242,23.1088,50,1155.44,36
32.242,45.8289,50,2291.44,36
32.282,23.1088,50,1155.44,36
32.282,45.8289,50,2291.44,36
32.322,23.1088,50,1155.44,36
32.322,45.8289,50,2291.44,36
32.362,23.1088,50,1155.44,36
32.362,45.8289,50,2291.44,36
32.402,23.1088,50,1155.44,36
32.402,45.8289,50,2291.44,36
32.442,23.1088,50,1155.44,36
32.442,45.8289,50,2291.44,36
32.482,23.1088,50,1155.44,36
32.482,45.8289,50,2291.44,36
32.522,23.1088,50,1155.44,36
32.522,45.8289,50,2291.44,36
32.562,23.1088,50,1155.44,36
32.562,45.8289,50,2291.44,36
32.602,23.1088,50,1155.44,36
32.602,45.8289,50,2291.44,36
32.642,23.1088,50,1155.44,36
32.642,45.8289,50,2291.44,36
32.682,23.1088,50,1155.44,36
32.682,45.8289,50,2291.44,36
32.722,23.1088,50,1155.44,36
32.722,45.8289,50,2291.44,36
32.762,23.1088,50,1155.44,36
32.762,45.8289,50,2291.44,36
32.802,23.1088,50,1155.44,36
32.802,45.8289,50,2291.44,36
32.842,23.1088,50,1155.44,36
32.842,45.8289,50,2291.44,36
32.882,23.1088,50,1155.44,36
32.882,45.8289,50,2291.44,36
32.922,23.1088,50,1155.44,36
32.922,45.8289,50,2291.44,36
32.962,23.1088,50,1155.44,36
32.962,45.8289,50,2291.44,36
33.002,32.4343,50,1621.71,36
33.002,49.9366,50,2496.83,36
33.042,31.0952,50,1554.76,36
33.042,51.1516,50,2557.58,36
33.082,33.0416,50,1652.08,36
33.082,51.1516,50,2557.58,36
33.122,33.0416,50,1652.08,36
33.122,51.1516,50,2557.58,36
33.162,33.0416,50,1652.08,36
33.162,51.1516,50,2557.58,36
33.202,33.0416,50,1652.08,36
33.202,51.1516,50,2557.58,36
33.242,33.0416,50,1652.08,36
33.242,51.1516,50,2557.58,36
33.282,33.0416,50,1652.08,36
33.282,51.1516,50,2557.58,36
33.322,33.0416,50,1652.08,36
33.322,51.1516,50,2557.58,36
33.362,33.0416,50,1652.08,36
33.362,51.1516,50,2557.58,36
33.402,33.0416,50,1652.08,36
33.402,51.1516,50,2557.58,36
33.442,33.0416,50,1652.08,36
33.442,51.1516,50,2557.58,36
33.482,33.0416,50,1652.08,36
33.482,51.1516,50,2557.58,36
33.522,33.0416,50,1652.08,36
33.522,51.1516,50,2557.58,36
33.562,33.0416,50,1652.08,36
33.562,51.1516,50,2557.58,36
33.602,33.0416,50,1652.08,36
33.602,51.1516,50,2557.58,36
33.642,33.0416,50,1652.08,36
33.642,51.1516,50,2557.58,36
33.682,33.0416,50,1652.08,36
33.682,51.1516,50,2557.58,36
33.722,33.0416,50,1652.08,36
33.722,51.1516,50,2557.58,36
33.762,33.0416,50,1652.08,36
33.762,51.1516,50,2557.58,36
33.802,33.0416,50,1652.08,36
33.802,51.1516,50,2557.58,36
33.842,33.0416,50,1652.08,36
33.842,51.1516,50,2557.58,36
33.882,33.0416,50,1652.08,36
33.882,51.1516,50,2557.58,36
33.922,33.0416,50,1652.08,36
33.922,51.1516,50,2557.58,36
33.962,33.0416,50,1652.08,36
33.962,51.1516,50,2557.58,36
34.002,27.8093,50,1390.47,36
34.002,39.1796,50,1958.98,36
34.042,29.124,50,1456.2,36
34.042,41.0598,50,2052.99,36
34.082,28.7873,50,1439.36,36
34.082,41.0598,50,2052.99,36
34.122,28.7873,50,1439.36,36
34.122,41.0598,50,2052.99,36
34.162,28.7873,50,1439.36,36
34.162,41.0598,50,2052.99,36
34.202,28.7873,50,1439.36,36
34.202,41.0598,50,2052.99,36
34.242,28.7873,50,1439.36,36
34.242,41.0598,50,2052.99,36
34.282,28.7873,50,1439.36,36
34.282,41.0598,50,2052.99,36
34.322,28.7873,50,1439.36,36
34.322,41.0598,50,2052.99,36
34.362,28.7873,50,1439.36,36
34.362,41.0598,50,2052.99,36
34.402,28.7873,50,1439.36,36
34.402,41.0598,50,2052.99,36
34.442,28.7873,50,1439.36,36
34.442,41.0598,50,2052.99,36
34.482,28.7873,50,1439.36,36
34.482,41.0598,50,2052.99,36
34.522,28.7873,50,1439.36,36
34.522,41.0598,50,2052.99,36
34.562,28.7873,50,1439.36,36
34.562,41.0598,50,2052.99,36
34.602,28.7873,50,1439.36,36
34.602,41.0598,50,2052.99,36
34.642,28.7873,50,1439.36,36
34.642,41.0598,50,2052.99,36
34.682,28.7873,50,1439.36,36
34.682,41.0598,50,2052.99,36
34.722,28.7873,50,1439.36,36
34.722,41.0598,50,2052.99,36
34.762,28.7873,50,1439.36,36
34.762,41.0598,50,2052.99,36
34.802,28.7873,50,1439.36,36
34.802,41.0598,50,2052.99,36
34.842,28.7873,50,1439.36,36
34.842,41.0598,50,2052.99,36
34.882,28.7873,50,1439.36,36
34.882,41.0598,50,2052.99,36
34.922,28.7873,50,1439.36,36
34.922,41.0598,50,2052.99,36
34.962,28.7873,50,1439.36,36
34.962,41.0598,50,2052.99,36
35.002,29.9836,50,1499.18,36
35.002,44.0832,50,2204.16,36
35.042,28.7582,50,1437.91,36
35.042,46.5154,50,2325.77,36
35.082,28.9678,50,1448.39,36
35.082,46.5154,50,2325.77,36
35.122,28.9678,50,1448.39,36
35.122,46.5154,50,2325.77,36
35.162,28.9678,50,1448.39,36
35.162,46.5154,50,2325.77,36
35.202,28.9678,50,1448.39,36
35.202,46.5154,50,2325.77,36
35.242,28.9678,50,1448.39,36
35.242,46.5154,50,2325.77,36
35.282,28.9678,50,1448.39,36
35.282,46.5154,50,2325.77,36
35.322,28.9678,50,1448.39,36
35.322,46.5154,50,2325.77,36
35.362,28.9678,50,1448.39,36
35.362,46.5154,50,2325.77,36
35.402,28.9678,50,1448.39,36
35.402,46.5154,50,2325.77,36
35.442,28.9678,50,1448.39,36
35.442,46.5154,50,2325.77,36
35.482,28.9678,50,1448.39,36
35.482,46.5154,50,2325.77,36
35.522,28.9678,50,1448.39,36
35.522,46.5154,50,2325.77,36
35.562,28.9678,50,1448.39,36
35.562,46.5154,50,2325.77,36
35.602,28.9678,50,1448.39,36
35.602,46.5154,50,2325.77,36
35.642,28.9678,50,1448.39,36
35.642,46.5154,50,2325.77,36
35.682,28.9678,50,1448.39,36
35.682,46.5154,50,2325.77,36
35.722,28.9678,50,1448.39,36
35.722,46.5154,50,2325.77,36
35.762,28.9678,50,1448.39,36
35.762,46.5154,50,2325.77,36
35.802,28.9678,50,1448.39,36
35.802,46.5154,50,2325.77,36
35.842,28.9678,50,1448.39,36
35.842,46.5154,50,2325.77,36
35.882,28.9678,50,1448.39,36
35.882,46.5154,50,2325.77,36
35.922,28.9678,50,1448.39,36
35.922,46.5154,50,2325.77,36
35.962,28.9678,50,1448.39,36
35.962,46.5154,50,2325.77,36
36.002,31.2825,50,1564.12,36
36.002,54.6693,50,2733.46,36
36.042,29.9819,50,1499.09,36
36.042,55.7625,50,2788.12,36
36.082,30.5467,50,1527.34,36
36.082,55.7625,50,2788.12,36
36.122,30.5467,50,1527.34,36
36.122,55.7625,50,2788.12,36
36.162,30.5467,50,1527.34,36
36.162,55.7625,50,2788.12,36
36.202,30.5467,50,1527.34,36
36.202,55.7625,50,2788.12,36
36.242,30.5467,50,1527.34,36
36.242,55.7625,50,2788.12,36
36.282,30.5467,50,1527.34,36
36.282,55.7625,50,2788.12,36
36.322,30.5467,50,1527.34,36
36.322,55.7625,50,2788.12,36
36.362,30.5467,50,1527.34,36
36.362,55.7625,50,2788.12,36
36.402,30.5467,50,1527.34,36
36.402,55.7625,50,2788.12,36
36.442,30.5467,50,1527.34,36
36.442,55.7625,50,2788.12,36
36.482,30.5467,50,1527.34,36
36.482,55.7625,50,2788.12,36
36.522,30.5467,50,1527.34,36
36.522,55.7625,50,2788.12,36
36.562,30.5467,50,1527.34,36
36.562,55.7625,50,2788.12,36
36.602,30.5467,50,1527.34,36
36.602,55.7625,50,2788.12,36
36.642,30.5467,50,1527.34,36
36.642,55.7625,50,2788.12,36
36.682,30.5467,50,1527.34,36
36.682,55.7625,50,2788.12,36
36.722,30.5467,50,1527.34,36
36.722,55.7625,50,2788.12,36
36.762,30.5467,50,1527.34,36
36.762,55.7625,50,2788.12,36
36.802,30.5467,50,1527.34,36
36.802,55.7625,50,2788.12,36
36.842,30.5467,50,1527.34,36
36.842,55.7625,50,2788.12,36
36.882,30.5467,50,1527.34,36
36.882,55.7625,50,2788.12,36
36.922,30.5467,50,1527.34,36
36.922,55.7625,50,2788.12,36
36.962,30.5467,50,1527.34,36
36.962,55.7625,50,2788.12,36
37.002,31.2812,50,1564.06,36
37.002,53.4427,50,2672.14,36
37.042,31.4884,50,1574.42,36
37.042,55.0777,50,2753.88,36
37.082,31.1257,50,1556.29,36
37.082,55.0777,50,2753.88,36
37.122,31.1257,50,1556.29,36
37.122,55.0777,50,2753.88,36
37.162,31.1257,50,1556.29,36
37.162,55.0777,50,2753.88,36
37.202,31.1257,50,1556.29,36
37.202,55.0777,50,2753.88,36
37.242,31.1257,50,1556.29,36
37.242,55.0777,50,2753.88,36
37.282,31.1257,50,1556.29,36
37.282,55.0777,50,2753.88,36
37.322,31.1257,50,1556.29,36
37.322,55.0777,50,2753.88,36
37.362,31.1257,50,1556.29,36
37.362,55.0777,50,2753.88,36
37.402,31.1257,50,1556.29,36
37.402,55.0777,50,2753.88,36
37.442,31.1257,50,1556.29,36
37.442,55.0777,50,2753.88,36
37.482,31.1257,50,1556.29,36
37.482,55.0777,50,2753.88,36
37.522,31.1257,50,1556.29,36
37.522,55.0777,50,2753.88,36
37.562,31.1257,50,1556.29,36
37.562,55.0777,50,2753.88,36
37.602,31.1257,50,1556.29,36
37.602,55.0777,50,2753.88,36
37.642,31.1257,50,1556.29,36
37.642,55.0777,50,2753.88,36
37.682,31.1257,50,1556.29,36
37.682,55.0777,50,2753.88,36
37.722,31.1257,50,1556.29,36
37.722,55.0777,50,2753.88,36
37.762,31.1257,50,1556.29,36
37.762,55.0777,50,2753.88,36
37.802,31.1257,50,1556.29,36
37.802,55.0777,50,2753.88,36
37.842,31.1257,50,1556.29,36
37.842,55.0777,50,2753.88,36
37.882,31.1257,50,1556.29,36
37.882,55.0777,50,2753.88,36
37.922,31.1257,50,1556.29,36
37.922,55.0777,50,2753.88,36
37.962,31.1257,50,1556.29,36
37.962,55.0777,50,2753.88,36
38.002,38.9053,50,1945.27,36
38.002,49.6268,50,2481.34,36
38.042,38.589,50,1929.45,36
38.042,49.1677,50,2458.39,36
38.082,38.74,50,1937,36
38.082,49.1677,50,2458.39,36
38.122,38.74,50,1937,36
38.122,49.1677,50,2458.39,36
38.162,38.74,50,1937,36
38.162,49.1677,50,2458.39,36
38.202,38.74,50,1937,36
38.202,49.1677,50,2458.39,36
38.242,38.74,50,1937,36
38.242,49.1677,50,2458.39,36
38.282,38.74,50,1937,36
38.282,49.1677,50,2458.39,36
38.322,38.74,50,1937,36
38.322,49.1677,50,2458.39,36
38.362,38.74,50,1937,36
38.362,49.1677,50,2458.39,36
38.402,38.74,50,1937,36
38.402,49.1677,50,2458.39,36
38.442,38.74,50,1937,36
38.442,49.1677,50,2458.39,36
38.482,38.74,50,1937,36
38.482,49.1677,50,2458.39,36
38.522,38.74,50,1937,36
38.522,49.1677,50,2458.39,36
38.562,38.74,50,1937,36
38.562,49.1677,50,2458.39,36
38.602,38.74,50,1937,36
38.602,49.1677,50,2458.39,36
38.642,38.74,50,1937,36
38.642,49.1677,50,2458.39,36
38.682,38.74,50,1937,36
38.682,49.1677,50,2458.39,36
38.722,38.74,50,1937,36
38.722,49.1677,50,2458.39,36
38.762,38.74,50,1937,36
38.762,49.1677,50,2458.39,36
38.802,38.74,50,1937,36
38.802,49.1677,50,2458.39,36
38.842,38.74,50,1937,36
38.842,49.1677,50,2458.39,36
38.882,38.74,50,1937,36
38.882,49.1677,50,2458.39,36
38.922,38.74,50,1937,36
38.922,49.1677,50,2458.39,36
38.962,38.74,50,1937,36
38.962,49.1677,50,2458.39,36
39.002,34.7292,50,1736.46,36
39.002,46.4282,50,2321.41,36
39.042,33.5407,50,1677.03,36
39.042,47.1725,50,2358.63,36
39.082,35.5182,50,1775.91,36
39.082,47.1725,50,2358.63,36
39.122,35.5182,50,1775.91,36
39.122,47.1725,50,2358.63,36
39.162,35.5182,50,1775.91,36
39.162,47.1725,50,2358.63,36
39.202,35.5182,50,1775.91,36
39.202,47.1725,50,2358.63,36
39.242,35.5182,50,1775.91,36
39.242,47.1725,50,2358.63,36
39.282,35.5182,50,1775.91,36
39.282,47.1725,50,2358.63,36
39.322,35.5182,50,1775.91,36
39.322,47.1725,50,2358.63,36
39.362,35.5182,50,1775.91,36
39.362,47.1725,50,2358.63,36
39.402,35.5182,50,1775.91,36
39.402,47.1725,50,2358.63,36
39.442,35.5182,50,1775.91,36
39.442,47.1725,50,2358.63,36
39.482,35.5182,50,1775.91,36
39.482,47.1725,50,2358.63,36
39.522,35.5182,50,1775.91,36
39.522,47.1725,50,2358.63,36
39.562,35.5182,50,1775.91,36
39.562,47.1725,50,2358.63,36
39.602,35.5182,50,1775.91,36
39.602,47.1725,50,2358.63,36
39.642,35.5182,50,1775.91,36
39.642,47.1725,50,2358.63,36
39.682,35.5182,50,1775.91,36
39.682,47.1725,50,2358.63,36
39.722,35.5182,50,1775.91,36
39.722,47.1725,50,2358.63,36
39.762,35.5182,50,1775.91,36
39.762,47.1725,50,2358.63,36
39.802,35.5182,50,1775.91,36
39.802,47.1725,50,2358.63,36
39.842,35.5182,50,1775.91,36
39.842,47.1725,50,2358.63,36
39.882,35.5182,50,1775.91,36
39.882,47.1725,50,2358.63,36
39.922,35.5182,50,1775.91,36
39.922,47.1725,50,2358.63,36
39.962,35.5182,50,1775.91,36
39.962,47.1725,50,2358.63,36
40.002,29.3157,50,1465.78,36
40.002,31.8331,50,1591.66,36
40.042,29.322,50,1466.1,36
40.042,33.9128,50,1695.64,36
40.082,29.9011,50,1495.05,36
40.082,33.9128,50,1695.64,36
40.122,29.9011,50,1495.05,36
40.122,33.9128,50,1695.64,36
40.162,29.9011,50,1495.05,36
40.162,33.9128,50,1695.64,36
40.202,29.9011,50,1495.05,36
40.202,33.9128,50,1695.64,36
40.242,29.9011,50,1495.05,36
40.242,33.9128,50,1695.64,36
40.282,29.9011,50,1495.05,36
40.282,33.9128,50,1695.64,36
40.322,29.9011,50,1495.05,36
40.322,33.9128,50,1695.64,36
40.362,29.9011,50,1495.05,36
40.362,33.9128,50,1695.64,36
40.402,29.9011,50,1495.05,36
40.402,33.9128,50,1695.64,36
40.442,29.9011,50,1495.05,36
40.442,33.9128,50,1695.64,36
40.482,29.9011,50,1495.05,36
40.482,33.9128,50,1695.64,36
40.522,29.9011,50,1495.05,36
40.522,33.9128,50,1695.64,36
40.562,29.9011,50,1495.05,36
40.562,33.9128,50,1695.64,36
40.602,29.9011,50,1495.05,36
40.602,33.9128,50,1695.64,36
40.642,29.9011,50,1495.05,36
40.642,33.9128,50,1695.64,36
40.682,29.9011,50,1495.05,36
40.682,33.9128,50,1695.64,36
40.722,29.9011,50,1495.05,36
40.722,33.9128,50,1695.64,36
40.762,29.9011,50,1495.05,36
40.762,33.9128,50,1695.64,36
40.802,29.9011,50,1495.05,36
40.802,33.9128,50,1695.64,36
40.842,29.9011,50,1495.05,36
40.842,33.9128,50,1695.64,36
40.882,29.9011,50,1495.05,36
40.882,33.9128,50,1695.64,36
40.922,29.9011,50,1495.05,36
40.922,33.9128,50,1695.64,36
40.962,29.9011,50,1495.05,36
40.962,33.9128,50,1695.64,36
41.002,29.2779,50,1463.9,36
41.002,43.7217,50,2186.09,36
41.042,28.4381,50,1421.9,36
41.042,45.9091,50,2295.45,36
41.082,28.0669,50,1403.34,36
41.082,45.9091,50,2295.45,36
41.122,28.0669,50,1403.34,36
41.122,45.9091,50,2295.45,36
41.162,28.0669,50,1403.34,36
41.162,45.9091,50,2295.45,36
41.202,28.0669,50,1403.34,36
41.202,45.9091,50,2295.45,36
41.242,28.0669,50,1403.34,36
41.242,45.9091,50,2295.45,36
41.282,28.0669,50,1403.34,36
41.282,45.9091,50,2295.45,36
41.322,28.0669,50,1403.34,36
41.322,45.9091,50,2295.45,36
41.362,28.0669,50,1403.34,36
41.362,45.9091,50,2295.45,36
41.402,28.0669,50,1403.34,36
41.402,45.9091,50,2295.45,36
41.442,28.0669,50,1403.34,36
41.442,45.9091,50,2295.45,36
41.482,28.0669,50,1403.34,36
41.482,45.9091,50,2295.45,36
41.522,28.0669,50,1403.34,36
41.522,45.9091,50,2295.45,36
41.562,28.0669,50,1403.34,36
41.562,45.9091,50,2295.45,36
41.602,28.0669,50,1403.34,36
41.602,45.9091,50,2295.45,36
41.642,28.0669,50,1403.34,36
41.642,45.9091,50,2295.45,36
41.682,28.0669,50,1403.34,36
41.682,45.9091,50,2295.45,36
41.722,28.0669,50,1403.34,36
41.722,45.9091,50,2295.45,36
41.762,28.0669,50,1403.34,36
41.762,45.9091,50,2295.45,36
41.802,28.0669,50,1403.34,36
41.802,45.9091,50,2295.45,36
41.842,28.0669,50,1403.34,36
41.842,45.9091,50,2295.45,36
41.882,28.0669,50,1403.34,36
41.882,45.9091,50,2295.45,36
41.922,28.0669,50,1403.34,36
41.922,45.9091,50,2295.45,36
41.962,28.0669,50,1403.34,36
41.962,45.9091,50,2295.45,36
42.002,31.6854,50,1584.27,36
42.002,52.2901,50,2614.5,36
42.042,30.9974,50,1549.87,36
42.042,53.678,50,2683.9,36
42.082,31.6509,50,1582.54,36
42.082,53.678,50,2683.9,36
42.122,31.6509,50,1582.54,36
42.122,53.678,50,2683.9,36
42.162,31.6509,50,1582.54,36
42.162,53.678,50,2683.9,36
42.202,31.6509,50,1582.54,36
42.202,53.678,50,2683.9,36
42.242,31.6509,50,1582.54,36
42.242,53.678,50,2683.9,36
42.282,31.6509,50,1582.54,36
42.282,53.678,50,2683.9,36
42.322,31.6509,50,1582.54,36
42.322,53.678,50,2683.9,36
42.362,31.6509,50,1582.54,36
42.362,53.678,50,2683.9,36
42.402,31.6509,50,1582.54,36
42.402,53.678,50,2683.9,36
42.442,31.6509,50,1582.54,36
42.442,53.678,50,2683.9,36
42.482,31.6509,50,1582.54,36
42.482,53.678,50,2683.9,36
42.522,31.6509,50,1582.54,36
42.522,53.678,50,2683.9,36
42.562,31.6509,50,1582.54,36
42.562,53.678,50,2683.9,36
42.602,31.6509,50,1582.54,36
42.602,53.678,50,2683.9,36
42.642,31.6509,50,1582.54,36
42.642,53.678,50,2683.9,36
42.682,31.6509,50,1582.54,36
42.682,53.678,50,2683.9,36
42.722,31.6509,50,1582.54,36
42.722,53.678,50,2683.9,36
42.762,31.6509,50,1582.54,36
42.762,53.678,50,2683.9,36
42.802,31.6509,50,1582.54,36
42.802,53.678,50,2683.9,36
42.842,31.6509,50,1582.54,36
42.842,53.678,50,2683.9,36
42.882,31.6509,50,1582.54,36
42.882,53.678,50,2683.9,36
42.922,31.6509,50,1582.54,36
42.922,53.678,50,2683.9,36
42.962,31.6509,50,1582.54,36
42.962,53.678,50,2683.9,36
43.002,24.3593,50,1217.96,36
43.002,49.8072,50,2490.36,36
43.042,24.1255,50,1206.28,36
43.042,51.1023,50,2555.11,36
43.082,23.6059,50,1180.29,36
43.082,51.1023,50,2555.11,36
43.122,23.6059,50,1180.29,36
43.122,51.1023,50,2555.11,36
43.162,23.6059,50,1180.29,36
43.162,51.1023,50,2555.11,36
43.202,23.6059,50,1180.29,36
43.202,51.1023,50,2555.11,36
43.242,23.6059,50,1180.29,36
43.242,51.1023,50,2555.11,36
43.282,23.6059,50,1180.29,36
43.282,51.1023,50,2555.11,36
43.322,23.6059,50,1180.29,36
43.322,51.1023,50,2555.11,36
43.362,23.6059,50,1180.29,36
43.362,51.1023,50,2555.11,36
43.402,23.6059,50,1180.29,36
43.402,51.1023,50,2555.11,36
43.442,23.6059,50,1180.29,36
43.442,51.1023,50,2555.11,36
43.482,23.6059,50,1180.29,36
43.482,51.1023,50,2555.11,36
43.522,23.6059,50,1180.29,36
43.522,51.1023,50,2555.11,36
43.562,23.6059,50,1180.29,36
43.562,51.1023,50,2555.11,36
43.602,23.6059,50,1180.29,36
43.602,51.1023,50,2555.11,36
43.642,23.6059,50,1180.29,36
43.642,51.1023,50,2555.11,36
43.682,23.6059,50,1180.29,36
43.682,51.1023,50,2555.11,36
43.722,23.6059,50,1180.29,36
43.722,51.1023,50,2555.11,36
43.762,23.6059,50,1180.29,36
43.762,51.1023,50,2555.11,36
43.802,23.6059,50,1180.29,36
43.802,51.1023,50,2555.11,36
43.842,23.6059,50,1180.29,36
43.842,51.1023,50,2555.11,36
43.882,23.6059,50,1180.29,36
43.882,51.1023,50,2555.11,36
43.922,23.6059,50,1180.29,36
43.922,51.1023,50,2555.11,36
43.962,23.6059,50,1180.29,36
43.962,51.1023,50,2555.11,36
44.002,21.3029,50,1065.14,36
44.002,49.4353,50,2471.77,36
44.042,19.4239,50,971.194,36
44.042,50.3159,50,2515.8,36
44.082,20.3332,50,1016.66,36
44.082,50.3159,50,2515.8,36
44.122,20.3332,50,1016.66,36
44.122,50.3159,50,2515.8,36
44.162,20.3332,50,1016.66,36
44.162,50.3159,50,2515.8,36
44.202,20.3332,50,1016.66,36
44.202,50.3159,50,2515.8,36
44.242,20.3332,50,1016.66,36
44.242,50.3159,50,2515.8,36
44.282,20.3332,50,1016.66,36
44.282,50.3159,50,2515.8,36
44.322,20.3332,50,1016.66,36
44.322,50.3159,50,2515.8,36
44.362,20.3332,50,1016.66,36
44.362,50.3159,50,2515.8,36
44.402,20.3332,50,1016.66,36
44.402,50.3159,50,2515.8,36
44.442,20.3332,50,1016.66,36
44.442,50.3159,50,2515.8,36
44.482,20.3332,50,1016.66,36
44.482,50.3159,50,2515.8,36
44.522,20.3332,50,1016.66,36
44.522,50.3159,50,2515.8,36
44.562,20.3332,50,1016.66,36
44.562,50.3159,50,2515.8,36
44.602,20.3332,50,1016.66,36
44.602,50.3159,50,2515.8,36
44.642,20.3332,50,1016.66,36
44.642,50.3159,50,2515.8,36
44.682,20.3332,50,1016.66,36
44.682,50.3159,50,2515.8,36
44.722,20.3332,50,1016.66,36
44.722,50.3159,50,2515.8,36
44.762,20.3332,50,1016.66,36
44.762,50.3159,50,2515.8,36
44.802,20.3332,50,1016.66,36
44.802,50.3159,50,2515.8,36
44.842,20.3332,50,1016.66,36
44.842,50.3159,50,2515.8,36
44.882,20.3332,50,1016.66,36
44.882,50.3159,50,2515.8,36
44.922,20.3332,50,1016.66,36
44.922,50.3159,50,2515.8,36
44.962,20.3332,50,1016.66,36
44.962,50.3159,50,2515.8,36
45.002,38.1902,50,1909.51,36
45.002,55.7122,50,2785.61,36
45.042,36.7555,50,1837.78,36
45.042,56.454,50,2822.7,36
45.082,36.792,50,1839.6,36
45.082,56.454,50,2822.7,36
45.122,36.792,50,1839.6,36
45.122,56.454,50,2822.7,36
45.162,36.792,50,1839.6,36
45.162,56.454,50,2822.7,36
45.202,36.792,50,1839.6,36
45.202,56.454,50,2822.7,36
45.242,36.792,50,1839.6,36
45.242,56.454,50,2822.7,36
45.282,36.792,50,1839.6,36
45.282,56.454,50,2822.7,36
45.322,36.792,50,1839.6,36
45.322,56.454,50,2822.7,36
45.362,36.792,50,1839.6,36
45.362,56.454,50,2822.7,36
45.402,36.792,50,1839.6,36
45.402,56.454,50,2822.7,36
45.442,36.792,50,1839.6,36
45.442,56.454,50,2822.7,36
45.482,36.792,50,1839.6,36
45.482,56.454,50,2822.7,36
45.522,36.792,50,1839.6,36
45.522,56.454,50,2822.7,36
45.562,36.792,50,1839.6,36
45.562,56.454,50,2822.7,36
45.602,36.792,50,1839.6,36
45.602,56.454,50,2822.7,36
45.642,36.792,50,1839.6,36
45.642,56.454,50,2822.7,36
45.682,36.792,50,1839.6,36
45.682,56.454,50,2822.7,36
45.722,36.792,50,1839.6,36
45.722,56.454,50,2822.7,36
45.762,36.792,50,1839.6,36
45.762,56.454,50,2822.7,36
45.802,36.792,50,1839.6,36
45.802,56.454,50,2822.7,36
45.842,36.792,50,1839.6,36
45.842,56.454,50,2822.7,36
45.882,36.792,50,1839.6,36
45.882,56.454,50,2822.7,36
45.922,36.792,50,1839.6,36
45.922,56.454,50,2822.7,36
45.962,36.792,50,1839.6,36
45.962,56.454,50,2822.7,36
46.002,27.5272,50,1376.36,36
46.002,59.1472,50,2957.36,36
46.042,26.6121,50,1330.6,36
46.042,60.6179,50,3030.9,36
46.082,27.3343,50,1366.72,36
46.082,60.6179,50,3030.9,36
46.122,27.3343,50,1366.72,36
46.122,60.6179,50,3030.9,36
46.162,27.3343,50,1366.72,36
46.162,60.6179,50,3030.9,36
46.202,27.3343,50,1366.72,36
46.202,60.6179,50,3030.9,36
46.242,27.3343,50,1366.72,36
46.242,60.6179,50,3030.9,36
46.282,27.3343,50,1366.72,36
46.282,60.6179,50,3030.9,36
46.322,27.3343,50,1366.72,36
46.322,60.6179,50,3030.9,36
46.362,27.3343,50,1366.72,36
46.362,60.6179,50,3030.9,36
46.402,27.3343,50,1366.72,36
46.402,60.6179,50,3030.9,36
46.442,27.3343,50,1366.72,36
46.442,60.6179,50,3030.9,36
46.482,27.3343,50,1366.72,36
46.482,60.6179,50,3030.9,36
46.522,27.3343,50,1366.72,36
46.522,60.6179,50,3030.9,36
46.562,27.3343,50,1366.72,36
46.562,60.6179,50,3030.9,36
46.602,27.3343,50,1366.72,36
46.602,60.6179,50,3030.9,36
46.642,27.3343,50,1366.72,36
46.642,60.6179,50,3030.9,36
46.682,27.3343,50,1366.72,36
46.682,60.6179,50,3030.9,36
46.722,27.3343,50,1366.72,36
46.722,60.6179,50,3030.9,36
46.762,27.3343,50,1366.72,36
46.762,60.6179,50,3030.9,36
46.802,27.3343,50,1366.72,36
46.802,60.6179,50,3030.9,36
46.842,27.3343,50,1366.72,36
46.842,60.6179,50,3030.9,36
46.882,27.3343,50,1366.72,36
46.882,60.6179,50,3030.9,36
46.922,27.3343,50,1366.72,36
46.922,60.6179,50,3030.9,36
46.962,27.3343,50,1366.72,36
46.962,60.6179,50,3030.9,36
47.002,36.4506,50,1822.53,36
47.002,47.8249,50,2391.24,36
47.042,36.2452,50,1812.26,36
47.042,50.7695,50,2538.47,36
47.082,35.8313,50,1791.57,36
47.082,50.7695,50,2538.47,36
47.122,35.8313,50,1791.57,36
47.122,50.7695,50,2538.47,36
47.162,35.8313,50,1791.57,36
47.162,50.7695,50,2538.47,36
47.202,35.8313,50,1791.57,36
47.202,50.7695,50,2538.47,36
47.242,35.8313,50,1791.57,36
47.242,50.7695,50,2538.47,36
47.282,35.8313,50,1791.57,36
47.282,50.7695,50,2538.47,36
47.322,35.8313,50,1791.57,36
47.322,50.7695,50,2538.47,36
47.362,35.8313,50,1791.57,36
47.362,50.7695,50,2538.47,36
47.402,35.8313,50,1791.57,36
47.402,50.7695,50,2538.47,36
47.442,35.8313,50,1791.57,36
47.442,50.7695,50,2538.47,36
47.482,35.8313,50,1791.57,36
47.482,50.7695,50,2538.47,36
47.522,35.8313,50,1791.57,36
47.522,50.7695,50,2538.47,36
47.562,35.8313,50,1791.57,36
47.562,50.7695,50,2538.47,36
47.602,35.8313,50,1791.57,36
47.602,50.7695,50,2538.47,36
47.642,35.8313,50,1791.57,36
47.642,50.7695,50,2538.47,36
47.682,35.8313,50,1791.57,36
47.682,50.7695,50,2538.47,36
47.722,35.8313,50,1791.57,36
47.722,50.7695,50,2538.47,36
47.762,35.8313,50,1791.57,36
47.762,50.7695,50,2538.47,36
47.802,35.8313,50,1791.57,36
47.802,50.7695,50,2538.47,36
47.842,35.8313,50,1791.57,36
47.842,50.7695,50,2538.47,36
47.882,35.8313,50,1791.57,36
47.882,50.7695,50,2538.47,36
47.922,35.8313,50,1791.57,36
47.922,50.7695,50,2538.47,36
47.962,35.8313,50,1791.57,36
47.962,50.7695,50,2538.47,36
48.002,30.4199,50,1521,36
48.002,60.2938,50,3014.69,36
48.042,28.5644,50,1428.22,36
48.042,60.8727,50,3043.63,36
48.082,30.342,50,1517.1,36
48.082,60.8727,50,3043.63,36
48.122,30.342,50,1517.1,36
48.122,60.8727,50,3043.63,36
48.162,30.342,50,1517.1,36
48.162,60.8727,50,3043.63,36
48.202,30.342,50,1517.1,36
48.202,60.8727,50,3043.63,36
48.242,30.342,50,1517.1,36
48.242,60.8727,50,3043.63,36
48.282,30.342,50,1517.1,36
48.282,60.8727,50,3043.63,36
48.322,30.342,50,1517.1,36
48.322,60.8727,50,3043.63,36
48.362,30.342,50,1517.1,36
48.362,60.8727,50,3043.63,36
48.402,30.342,50,1517.1,36
48.402,60.8727,50,3043.63,36
48.442,30.342,50,1517.1,36
48.442,60.8727,50,3043.63,36
48.482,30.342,50,1517.1,36
48.482,60.8727,50,3043.63,36
48.522,30.342,50,1517.1,36
48.522,60.8727,50,3043.63,36
48.562,30.342,50,1517.1,36
48.562,60.8727,50,3043.63,36
48.602,30.342,50,1517.1,36
48.602,60.8727,50,3043.63,36
48.642,30.342,50,1517.1,36
48.642,60.8727,50,3043.63,36
48.682,30.342,50,1517.1,36
48.682,60.8727,50,3043.63,36
48.722,30.342,50,1517.1,36
48.722,60.8727,50,3043.63,36
48.762,30.342,50,1517.1,36
48.762,60.8727,50,3043.63,36
48.802,30.342,50,1517.1,36
48.802,60.8727,50,3043.63,36
48.842,30.342,50,1517.1,36
48.842,60.8727,50,3043.63,36
48.882,30.342,50,1517.1,36
48.882,60.8727,50,3043.63,36
48.922,30.342,50,1517.1,36
48.922,60.8727,50,3043.63,36
48.962,30.342,50,1517.1,36
48.962,60.8727,50,3043.63,36
49.002,23.2023,50,1160.12,36
49.002,68.5473,50,3427.36,36
49.042,23.1172,50,1155.86,36
49.042,69.1359,50,3456.8,36
49.082,23.1223,50,1156.11,36
49.082,69.1359,50,3456.8,36
49.122,23.1223,50,1156.11,36
49.122,69.1359,50,3456.8,36
49.162,23.1223,50,1156.11,36
49.162,69.1359,50,3456.8,36
49.202,23.1223,50,1156.11,36
49.202,69.1359,50,3456.8,36
49.242,23.1223,50,1156.11,36
49.242,69.1359,50,3456.8,36
49.282,23.1223,50,1156.11,36
49.282,69.1359,50,3456.8,36
49.322,23.1223,50,1156.11,36
49.322,69.1359,50,3456.8,36
49.362,23.1223,50,1156.11,36
49.362,69.1359,50,3456.8,36
49.402,23.1223,50,1156.11,36
49.402,69.1359,50,3456.8,36
49.442,23.1223,50,1156.11,36
49.442,69.1359,50,3456.8,36
49.482,23.1223,50,1156.11,36
49.482,69.1359,50,3456.8,36
49.522,23.1223,50,1156.11,36
49.522,69.1359,50,3456.8,36
49.562,23.1223,50,1156.11,36
49.562,69.1359,50,3456.8,36
49.602,23.1223,50,1156.11,36
49.602,69.1359,50,3456.8,36
49.642,23.1223,50,1156.11,36
49.642,69.1359,50,3456.8,36
49.682,23.1223,50,1156.11,36
49.682,69.1359,50,3456.8,36
49.722,23.1223,50,1156.11,36
49.722,69.1359,50,3456.8,36
49.762,23.1223,50,1156.11,36
49.762,69.1359,50,3456.8,36
49.802,23.1223,50,1156.11,36
49.802,69.1359,50,3456.8,36
49.842,23.1223,50,1156.11,36
49.842,69.1359,50,3456.8,36
49.882,23.1223,50,1156.11,36
49.882,69.1359,50,3456.8,36
49.922,23.1223,50,1156.11,36
49.922,69.1359,50,3456.8,36
49.962,23.1223,50,1156.11,36
49.962,69.1359,50,3456.8,36
50.002,24.2801,50,1214,36
50.002,57.6486,50,2882.43,36
50.042,24.8764,50,1243.82,36
50.042,58.5235,50,2926.17,36
50.082,25.2626,50,1263.13,36
50.082,58.5235,50,2926.17,36
50.122,25.2626,50,1263.13,36
50.122,58.5235,50,2926.17,36
50.162,25.2626,50,1263.13,36
50.162,58.5235,50,2926.17,36
50.202,25.2626,50,1263.13,36
50.202,58.5235,50,2926.17,36
50.242,25.2626,50,1263.13,36
50.242,58.5235,50,2926.17,36
50.282,25.2626,50,1263.13,36
50.282,58.5235,50,2926.17,36
50.322,25.2626,50,1263.13,36
50.322,58.5235,50,2926.17,36
50.362,25.2626,50,1263.13,36
50.362,58.5235,50,2926.17,36
50.402,25.2626,50,1263.13,36
50.402,58.5235,50,2926.17,36
50.442,25.2626,50,1263.13,36
50.442,58.5235,50,2926.17,36
50.482,25.2626,50,1263.13,36
50.482,58.5235,50,2926.17,36
50.522,25.2626,50,1263.13,36
50.522,58.5235,50,2926.17,36
50.562,25.2626,50,1263.13,36
50.562,58.5235,50,2926.17,36
50.602,25.2626,50,1263.13,36
50.602,58.5235,50,2926.17,36
50.642,25.2626,50,1263.13,36
50.642,58.5235,50,2926.17,36
50.682,25.2626,50,1263.13,36
50.682,58.5235,50,2926.17,36
50.722,25.2626,50,1263.13,36
50.722,58.5235,50,2926.17,36
50.762,25.2626,50,1263.13,36
50.762,58.5235,50,2926.17,36
50.802,25.2626,50,1263.13,36
50.802,58.5235,50,2926.17,36
50.842,25.2626,50,1263.13,36
50.842,58.5235,50,2926.17,36
50.882,25.2626,50,1263.13,36
50.882,58.5235,50,2926.17,36
50.922,25.2626,50,1263.13,36
50.922,58.5235,50,2926.17,36
50.962,25.2626,50,1263.13,36
50.962,58.5235,50,2926.17,36
51.002,34.862,50,1743.1,36
51.002,58.4477,50,2922.38,36
51.042,35.3792,50,1768.96,36
51.042,60.0251,50,3001.25,36
51.082,34.7929,50,1739.65,36
51.082,60.0251,50,3001.25,36
51.122,34.7929,50,1739.65,36
51.122,60.0251,50,3001.25,36
51.162,34.7929,50,1739.65,36
51.162,60.0251,50,3001.25,36
51.202,34.7929,50,1739.65,36
51.202,60.0251,50,3001.25,36
51.242,34.7929,50,1739.65,36
51.242,60.0251,50,3001.25,36
51.282,34.7929,50,1739.65,36
51.282,60.0251,50,3001.25,36
51.322,34.7929,50,1739.65,36
51.322,60.0251,50,3001.25,36
51.362,34.7929,50,1739.65,36
51.362,60.0251,50,3001.25,36
51.402,34.7929,50,1739.65,36
51.402,60.0251,50,3001.25,36
51.442,34.7929,50,1739.65,36
51.442,60.0251,50,3001.25,36
51.482,34.7929,50,1739.65,36
51.482,60.0251,50,3001.25,36
51.522,34.7929,50,1739.65,36
51.522,60.0251,50,3001.25,36
51.562,34.7929,50,1739.65,36
51.562,60.0251,50,3001.25,36
51.602,34.7929,50,1739.65,36
51.602,60.0251,50,3001.25,36
51.642,34.7929,50,1739.65,36
51.642,60.0251,50,3001.25,36
51.682,34.7929,50,1739.65,36
51.682,60.0251,50,3001.25,36
51.722,34.7929,50,1739.65,36
51.722,60.0251,50,3001.25,36
51.762,34.7929,50,1739.65,36
51.762,60.0251,50,3001.25,36
51.802,34.7929,50,1739.65,36
51.802,60.0251,50,3001.25,36
51.842,34.7929,50,1739.65,36
51.842,60.0251,50,3001.25,36
51.882,34.7929,50,1739.65,36
51.882,60.0251,50,3001.25,36
51.922,34.7929,50,1739.65,36
51.922,60.0251,50,3001.25,36
51.962,34.7929,50,1739.65,36
51.962,60.0251,50,3001.25,36
52.002,33.9455,50,1697.27,36
52.002,65.6193,50,3280.97,36
52.042,34.6214,50,1731.07,36
52.042,66.8622,50,3343.11,36
52.082,34.2521,50,1712.6,36
52.082,66.8622,50,3343.11,36
52.122,34.2521,50,1712.6,36
52.122,66.8622,50,3343.11,36
52.162,34.2521,50,1712.6,36
52.162,66.8622,50,3343.11,36
52.202,34.2521,50,1712.6,36
52.202,66.8622,50,3343.11,36
52.242,34.2521,50,1712.6,36
52.242,66.8622,50,3343.11,36
52.282,34.2521,50,1712.6,36
52.282,66.8622,50,3343.11,36
52.322,34.2521,50,1712.6,36
52.322,66.8622,50,3343.11,36
52.362,34.2521,50,1712.6,36
52.362,66.8622,50,3343.11,36
52.402,34.2521,50,1712.6,36
52.402,66.8622,50,3343.11,36
52.442,34.2521,50,1712.6,36
52.442,66.8622,50,3343.11,36
52.482,34.2521,50,1712.6,36
52.482,66.8622,50,3343.11,36
52.522,34.2521,50,1712.6,36
52.522,66.8622,50,3343.11,36
52.562,34.2521,50,1712.6,36
52.562,66.8622,50,3343.11,36
52.602,34.2521,50,1712.6,36
52.602,66.8622,50,3343.11,36
52.642,34.2521,50,1712.6,36
52.642,66.8622,50,3343.11,36
52.682,34.2521,50,1712.6,36
52.682,66.8622,50,3343.11,36
52.722,34.2521,50,1712.6,36
52.722,66.8622,50,3343.11,36
52.762,34.2521,50,1712.6,36
52.762,66.8622,50,3343.11,36
52.802,34.2521,50,1712.6,36
52.802,66.8622,50,3343.11,36
52.842,34.2521,50,1712.6,36
52.842,66.8622,50,3343.11,36
52.882,34.2521,50,1712.6,36
52.882,66.8622,50,3343.11,36
52.922,34.2521,50,1712.6,36
52.922,66.8622,50,3343.11,36
52.962,34.2521,50,1712.6,36
52.962,66.8622,50,3343.11,36
53.002,43.1389,50,2156.95,36
53.002,48.6701,50,2433.51,36
53.042,44.5427,50,2227.13,36
53.042,51.2202,50,2561.01,36
53.082,44.5531,50,2227.66,36
53.082,51.2202,50,2561.01,36
53.122,44.5531,50,2227.66,36
53.122,51.2202,50,2561.01,36
53.162,44.5531,50,2227.66,36
53.162,51.2202,50,2561.01,36
53.202,44.5531,50,2227.66,36
53.202,51.2202,50,2561.01,36
53.242,44.5531,50,2227.66,36
53.242,51.2202,50,2561.01,36
53.282,44.5531,50,2227.66,36
53.282,51.2202,50,2561.01,36
53.322,44.5531,50,2227.66,36
53.322,51.2202,50,2561.01,36
53.362,44.5531,50,2227.66,36
53.362,51.2202,50,2561.01,36
53.402,44.5531,50,2227.66,36
53.402,51.2202,50,2561.01,36
53.442,44.5531,50,2227.66,36
53.442,51.2202,50,2561.01,36
53.482,44.5531,50,2227.66,36
53.482,51.2202,50,2561.01,36
53.522,44.5531,50,2227.66,36
53.522,51.2202,50,2561.01,36
53.562,44.5531,50,2227.66,36
53.562,51.2202,50,2561.01,36
53.602,44.5531,50,2227.66,36
53.602,51.2202,50,2561.01,36
53.642,44.5531,50,2227.66,36
53.642,51.2202,50,2561.01,36
53.682,44.5531,50,2227.66,36
53.682,51.2202,50,2561.01,36
53.722,44.5531,50,2227.66,36
53.722,51.2202,50,2561.01,36
53.762,44.5531,50,2227.66,36
53.762,51.2202,50,2561.01,36
53.802,44.5531,50,2227.66,36
53.802,51.2202,50,2561.01,36
53.842,44.5531,50,2227.66,36
53.842,51.2202,50,2561.01,36
53.882,44.5531,50,2227.66,36
53.882,51.2202,50,2561.01,36
53.922,44.5531,50,2227.66,36
53.922,51.2202,50,2561.01,36
53.962,44.5531,50,2227.66,36
53.962,51.2202,50,2561.01,36
54.002,45.8613,50,2293.06,36
54.002,50.6337,50,2531.68,36
54.042,45.9484,50,2297.42,36
54.042,51.6585,50,2582.93,36
54.082,45.9026,50,2295.13,36
54.082,51.6585,50,2582.93,36
54.122,45.9026,50,2295.13,36
54.122,51.6585,50,2582.93,36
54.162,45.9026,50,2295.13,36
54.162,51.6585,50,2582.93,36
54.202,45.9026,50,2295.13,36
54.202,51.6585,50,2582.93,36
54.242,45.9026,50,2295.13,36
54.242,51.6585,50,2582.93,36
54.282,45.9026,50,2295.13,36
54.282,51.6585,50,2582.93,36
54.322,45.9026,50,2295.13,36
54.322,51.6585,50,2582.93,36
54.362,45.9026,50,2295.13,36
54.362,51.6585,50,2582.93,36
54.402,45.9026,50,2295.13,36
54.402,51.6585,50,2582.93,36
54.442,45.9026,50,2295.13,36
54.442,51.6585,50,2582.93,36
54.482,45.9026,50,2295.13,36
54.482,51.6585,50,2582.93,36
54.522,45.9026,50,2295.13,36
54.522,51.6585,50,2582.93,36
54.562,45.9026,50,2295.13,36
54.562,51.6585,50,2582.93,36
54.602,45.9026,50,2295.13,36
54.602,51.6585,50,2582.93,36
54.642,45.9026,50,2295.13,36
54.642,51.6585,50,2582.93,36
54.682,45.9026,50,2295.13,36
54.682,51.6585,50,2582.93,36
54.722,45.9026,50,2295.13,36
54.722,51.6585,50,2582.93,36
54.762,45.9026,50,2295.13,36
54.762,51.6585,50,2582.93,36
54.802,45.9026,50,2295.13,36
54.802,51.6585,50,2582.93,36
54.842,45.9026,50,2295.13,36
54.842,51.6585,50,2582.93,36
54.882,45.9026,50,2295.13,36
54.882,51.6585,50,2582.93,36
54.922,45.9026,50,2295.13,36
54.922,51.6585,50,2582.93,36
54.962,45.9026,50,2295.13,36
54.962,51.6585,50,2582.93,36
55.002,42.448,50,2122.4,36
55.002,49.7159,50,2485.79,36
55.042,40.0727,50,2003.64,36
55.042,51.6024,50,2580.12,36
55.082,42.069,50,2103.45,36
55.082,51.6024,50,2580.12,36
55.122,42.069,50,2103.45,36
55.122,51.6024,50,2580.12,36
55.162,42.069,50,2103.45,36
55.162,51.6024,50,2580.12,36
55.202,42.069,50,2103.45,36
55.202,51.6024,50,2580.12,36
55.242,42.069,50,2103.45,36
55.242,51.6024,50,2580.12,36
55.282,42.069,50,2103.45,36
55.282,51.6024,50,2580.12,36
55.322,42.069,50,2103.45,36
55.322,51.6024,50,2580.12,36
55.362,42.069,50,2103.45,36
55.362,51.6024,50,2580.12,36
55.402,42.069,50,2103.45,36
55.402,51.6024,50,2580.12,36
55.442,42.069,50,2103.45,36
55.442,51.6024,50,2580.12,36
55.482,42.069,50,2103.45,36
55.482,51.6024,50,2580.12,36
55.522,42.069,50,2103.45,36
55.522,51.6024,50,2580.12,36
55.562,42.069,50,2103.45,36
55.562,51.6024,50,2580.12,36
55.602,42.069,50,2103.45,36
55.602,51.6024,50,2580.12,36
55.642,42.069,50,2103.45,36
55.642,51.6024,50,2580.12,36
55.682,42.069,50,2103.45,36
55.682,51.6024,50,2580.12,36
55.722,42.069,50,2103.45,36
55.722,51.6024,50,2580.12,36
55.762,42.069,50,2103.45,36
55.762,51.6024,50,2580.12,36
55.802,42.069,50,2103.45,36
55.802,51.6024,50,2580.12,36
55.842,42.069,50,2103.45,36
55.842,51.6024,50,2580.12,36
55.882,42.069,50,2103.45,36
55.882,51.6024,50,2580.12,36
55.922,42.069,50,2103.45,36
55.922,51.6024,50,2580.12,36
55.962,42.069,50,2103.45,36
55.962,51.6024,50,2580.12,36
56.002,30.8252,50,1541.26,36
56.002,53.3488,50,2667.44,36
56.042,31.4738,50,1573.69,36
56.042,55.5522,50,2777.61,36
56.082,31.1311,50,1556.56,36
56.082,55.5522,50,2777.61,36
56.122,31.1311,50,1556.56,36
56.122,55.5522,50,2777.61,36
56.162,31.1311,50,1556.56,36
56.162,55.5522,50,2777.61,36
56.202,31.1311,50,1556.56,36
56.202,55.5522,50,2777.61,36
56.242,31.1311,50,1556.56,36
56.242,55.5522,50,2777.61,36
56.282,31.1311,50,1556.56,36
56.282,55.5522,50,2777.61,36
56.322,31.1311,50,1556.56,36
56.322,55.5522,50,2777.61,36
56.362,31.1311,50,1556.56,36
56.362,55.5522,50,2777.61,36
56.402,31.1311,50,1556.56,36
56.402,55.5522,50,2777.61,36
56.442,31.1311,50,1556.56,36
56.442,55.5522,50,2777.61,36
56.482,31.1311,50,1556.56,36
56.482,55.5522,50,2777.61,36
56.522,31.1311,50,1556.56,36
56.522,55.5522,50,2777.61,36
56.562,31.1311,50,1556.56,36
56.562,55.5522,50,2777.61,36
56.602,31.1311,50,1556.56,36
56.602,55.5522,50,2777.61,36
56.642,31.1311,50,1556.56,36
56.642,55.5522,50,2777.61,36
56.682,31.1311,50,1556.56,36
56.682,55.5522,50,2777.61,36
56.722,31.1311,50,1556.56,36
56.722,55.5522,50,2777.61,36
56.762,31.1311,50,1556.56,36
56.762,55.5522,50,2777.61,36
56.802,31.1311,50,1556.56,36
56.802,55.5522,50,2777.61,36
56.842,31.1311,50,1556.56,36
56.842,55.5522,50,2777.61,36
56.882,31.1311,50,1556.56,36
56.882,55.5522,50,2777.61,36
56.922,31.1311,50,1556.56,36
56.922,55.5522,50,2777.61,36
56.962,31.1311,50,1556.56,36
56.962,55.5522,50,2777.61,36
57.002,38.8793,50,1943.96,36
57.002,60.669,50,3033.45,36
57.042,39.1643,50,1958.22,36
57.042,61.3415,50,3067.08,36
57.082,38.6691,50,1933.46,36
57.082,61.3415,50,3067.08,36
57.122,38.6691,50,1933.46,36
57.122,61.3415,50,3067.08,36
57.162,38.6691,50,1933.46,36
57.162,61.3415,50,3067.08,36
57.202,38.6691,50,1933.46,36
57.202,61.3415,50,3067.08,36
57.242,38.6691,50,1933.46,36
57.242,61.3415,50,3067.08,36
57.282,38.6691,50,1933.46,36
57.282,61.3415,50,3067.08,36
57.322,38.6691,50,1933.46,36
57.322,61.3415,50,3067.08,36
57.362,38.6691,50,1933.46,36
57.362,61.3415,50,3067.08,36
57.402,38.6691,50,1933.46,36
57.402,61.3415,50,3067.08,36
57.442,38.6691,50,1933.46,36
57.442,61.3415,50,3067.08,36
57.482,38.6691,50,1933.46,36
57.482,61.3415,50,3067.08,36
57.522,38.6691,50,1933.46,36
57.522,61.3415,50,3067.08,36
57.562,38.6691,50,1933.46,36
57.562,61.3415,50,3067.08,36
57.602,38.6691,50,1933.46,36
57.602,61.3415,50,3067.08,36
57.642,38.6691,50,1933.46,36
57.642,61.3415,50,3067.08,36
57.682,38.6691,50,1933.46,36
57.682,61.3415,50,3067.08,36
57.722,38.6691,50,1933.46,36
57.722,61.3415,50,3067.08,36
57.762,38.6691,50,1933.46,36
57.762,61.3415,50,3067.08,36
57.802,38.6691,50,1933.46,36
57.802,61.3415,50,3067.08,36
57.842,38.6691,50,1933.46,36
57.842,61.3415,50,3067.08,36
57.882,38.6691,50,1933.46,36
57.882,61.3415,50,3067.08,36
57.922,38.6691,50,1933.46,36
57.922,61.3415,50,3067.08,36
57.962,38.6691,50,1933.46,36
57.962,61.3415,50,3067.08,36
58.002,33.509,50,1675.45,36
58.002,45.857,50,2292.85,36
58.042,32.0629,50,1603.15,36
58.042,47.9025,50,2395.13,36
58.082,33.3529,50,1667.64,36
58.082,47.9025,50,2395.13,36
58.122,33.3529,50,1667.64,36
58.122,47.9025,50,2395.13,36
58.162,33.3529,50,1667.64,36
58.162,47.9025,50,2395.13,36
58.202,33.3529,50,1667.64,36
58.202,47.9025,50,2395.13,36
58.242,33.3529,50,1667.64,36
58.242,47.9025,50,2395.13,36
58.282,33.3529,50,1667.64,36
58.282,47.9025,50,2395.13,36
58.322,33.3529,50,1667.64,36
58.322,47.9025,50,2395.13,36
58.362,33.3529,50,1667.64,36
58.362,47.9025,50,2395.13,36
58.402,33.3529,50,1667.64,36
58.402,47.9025,50,2395.13,36
58.442,33.3529,50,1667.64,36
58.442,47.9025,50,2395.13,36
58.482,33.3529,50,1667.64,36
58.482,47.9025,50,2395.13,36
58.522,33.3529,50,1667.64,36
58.522,47.9025,50,2395.13,36
58.562,33.3529,50,1667.64,36
58.562,47.9025,50,2395.13,36
58.602,33.3529,50,1667.64,36
58.602,47.9025,50,2395.13,36
58.642,33.3529,50,1667.64,36
58.642,47.9025,50,2395.13,36
58.682,33.3529,50,1667.64,36
58.682,47.9025,50,2395.13,36
58.722,33.3529,50,1667.64,36
58.722,47.9025,50,2395.13,36
58.762,33.3529,50,1667.64,36
58.762,47.9025,50,2395.13,36
58.802,33.3529,50,1667.64,36
58.802,47.9025,50,2395.13,36
58.842,33.3529,50,1667.64,36
58.842,47.9025,50,2395.13,36
58.882,33.3529,50,1667.64,36
58.882,47.9025,50,2395.13,36
58.922,33.3529,50,1667.64,36
58.922,47.9025,50,2395.13,36
58.962,33.3529,50,1667.64,36
58.962,47.9025,50,2395.13,36
59.002,42.4606,50,2123.03,36
59.002,57.9631,50,2898.16,36
59.042,41.2032,50,2060.16,36
59.042,60.7913,50,3039.56,36
59.082,41.7465,50,2087.32,36
59.082,60.7913,50,3039.56,36
59.122,41.7465,50,2087.32,36
59.122,60.7913,50,3039.56,36
59.162,41.7465,50,2087.32,36
59.162,60.7913,50,3039.56,36
59.202,41.7465,50,2087.32,36
59.202,60.7913,50,3039.56,36
59.242,41.7465,50,2087.32,36
59.242,60.7913,50,3039.56,36
59.282,41.7465,50,2087.32,36
59.282,60.7913,50,3039.56,36
59.322,41.7465,50,2087.32,36
59.322,60.7913,50,3039.56,36
59.362,41.7465,50,2087.32,36
59.362,60.7913,50,3039.56,36
59.402,41.7465,50,2087.32,36
59.402,60.7913,50,3039.56,36
59.442,41.7465,50,2087.32,36
59.442,60.7913,50,3039.56,36
59.482,41.7465,50,2087.32,36
59.482,60.7913,50,3039.56,36
59.522,41.7465,50,2087.32,36
59.522,60.7913,50,3039.56,36
59.562,41.7465,50,2087.32,36
59.562,60.7913,50,3039.56,36
59.602,41.7465,50,2087.32,36
59.602,60.7913,50,3039.56,36
59.642,41.7465,50,2087.32,36
59.642,60.7913,50,3039.56,36
59.682,41.7465,50,2087.32,36
59.682,60.7913,50,3039.56,36
59.722,41.7465,50,2087.32,36
59.722,60.7913,50,3039.56,36
59.762,41.7465,50,2087.32,36
59.762,60.7913,50,3039.56,36
59.802,41.7465,50,2087.32,36
59.802,60.7913,50,3039.56,36
59.842,41.7465,50,2087.32,36
59.842,60.7913,50,3039.56,36
59.882,41.7465,50,2087.32,36
59.882,60.7913,50,3039.56,36
59.922,41.7465,50,2087.32,36
59.922,60.7913,50,3039.56,36
59.962,41.7465,50,2087.32,36
59.962,60.7913,50,3039.56,36
