timestamp,arrivalTime,ueAppAddress,ueAppPort,car,recv_packet_size(B),uplink_delay(s),Queueing_delay(s),processing_delay(s),idframe,nbSentMsg,runNumber,sizeOfQueue
3.2550133484,3.2550133484,10.0.1.106,4000,car[0],26229,0.0010107796,0,0.00168597,1,0,30,1
3.3620128188,3.3620128188,10.0.1.106,4000,car[0],65527,0.00401025,0,0.00141247,2,1,30,1
3.4580052996,3.4580052996,10.0.1.106,4000,car[0],3226,0.0000027308,0,0.000113846,3,2,30,1
3.5590122436,3.5590122436,10.0.1.106,4000,car[0],24911,0.0010096748,0,0.000628339,4,3,30,1
3.6620128188,3.6620128188,10.0.1.106,4000,car[0],65527,0.00401025,0,0.000303279,5,4,30,1
3.7600077596,3.7600077596,10.0.1.106,4000,car[0],32815,0.0020051908,0,0.00202357,6,5,30,1
3.8580137572,3.8580137572,10.0.1.106,4000,car[0],13357,0.0000111884,0,0.00194126,7,6,30,1
3.9620128188,3.9620128188,10.0.1.106,4000,car[0],65527,0.00401025,0,0.00166291,8,7,30,1
4.0610135092,4.0610135092,10.0.1.106,4000,car[0],53070,0.0030109404,0,0.00273352,9,8,30,1
4.1620115844,4.1620115844,10.0.1.106,4000,car[0],65527,0.0040090156,0,0.00521576,10,9,30,1
4.258013722,4.258013722,10.0.1.106,4000,car[0],13313,0.0000111532,0,0.00238226,11,10,30,1
4.3580083892,4.3580083892,10.0.1.106,4000,car[0],6962,0.0000058204,0,0.00331398,12,11,30,1
4.461012842,4.461012842,10.0.1.106,4000,car[0],53716,0.0030102732,0,0.00547174,13,12,30,1
4.5580113188,4.5580113188,10.0.1.106,4000,car[0],10435,0.00000875,0,0.00274795,14,13,30,1
4.6590107148,4.6590107148,10.0.1.106,4000,car[0],23063,0.001008146,0,0.00194172,15,14,30,1
4.7590143332,4.7590143332,10.0.1.106,4000,car[0],27397,0.0010117644,0,0.00571786,16,15,30,1
4.8600050492,4.8600050492,10.0.1.106,4000,car[0],29586,0.0020024804,0,0.000652344,17,16,30,1
4.96201089,4.96201089,10.0.1.106,4000,car[0],64722,0.0040083212,0,0.00356895,18,17,30,1
5.0680140532,5.0680140532,10.0.1.106,4000,car[0],65527,0.0040114844,0,0.00494338,19,18,30,1
5.1740152876,5.1740152876,10.0.1.106,4000,car[0],65527,0.0160127188,0,0.00106128,20,19,30,1
5.263004178,5.263004178,10.0.1.106,4000,car[0],65527,0.0050016092,0,0.010212,21,20,30,1
5.3590037284,5.3590037284,10.0.1.106,4000,car[0],13272,0.0010011596,0,0.00129055,22,21,30,1
5.4580126612,5.4580126612,10.0.1.106,4000,car[0],12050,0.0000100924,0,0.000655497,23,22,30,1
5.563004178,5.563004178,10.0.1.106,4000,car[0],65527,0.0050016092,0,0.00324315,24,23,30,1
5.663004178,5.663004178,10.0.1.106,4000,car[0],65527,0.0050016092,0,0.00106215,25,24,30,1
5.7600095164,5.7600095164,10.0.1.106,4000,car[0],33468,0.0020069476,0,0.000438933,26,25,30,1
5.8600118204,5.8600118204,10.0.1.106,4000,car[0],36222,0.0020092516,0,0.00436952,27,26,30,1
5.963004178,5.963004178,10.0.1.106,4000,car[0],65527,0.0050016092,0,0.00318616,28,27,30,1
6.0590110196,6.0590110196,10.0.1.106,4000,car[0],23444,0.0010084508,0,0.00167954,29,28,30,1
6.1580021276,6.1580021276,10.0.1.106,4000,car[0],765,0.00000069,0,0.00206246,30,29,30,1
6.2620115844,6.2620115844,10.0.1.106,4000,car[0],65527,0.0040090156,0,0.00345786,31,30,30,1
6.3580040604,6.3580040604,10.0.1.106,4000,car[0],1740,0.0000014916,0,0.000117579,32,31,30,1
6.4620115844,6.4620115844,10.0.1.106,4000,car[0],65527,0.0040090156,0,0.00294694,33,32,30,1
6.5580088004,6.5580088004,10.0.1.106,4000,car[0],7413,0.0000062316,0,0.00538597,34,33,30,1
6.6580024348,6.6580024348,10.0.1.106,4000,car[0],893,0.0000007924,0,0.00406316,35,34,30,1
6.7610044692,6.7610044692,10.0.1.106,4000,car[0],42211,0.0030019004,0,0.00137478,36,35,30,1
6.8600056916,6.8600056916,10.0.1.106,4000,car[0],30356,0.0020031228,0,0.00573759,37,36,30,1
6.958013314,6.958013314,10.0.1.106,4000,car[0],12866,0.0000107452,0,0.000274926,38,37,30,1
7.064007242,7.064007242,10.0.1.106,4000,car[0],5591,0.0000046732,0,0.00220294,39,38,30,1
7.1580070084,7.1580070084,10.0.1.106,4000,car[0],5299,0.0000044396,0,0.000414602,40,39,30,1
7.2590095548,7.2590095548,10.0.1.106,4000,car[0],20196,0.001006986,0,0.000651797,41,40,30,1
7.3670276316,7.3670276316,10.0.1.106,4000,car[0],65527,0.0090250628,0,0.00291938,42,41,30,1
7.4590096812,7.4590096812,10.0.1.106,4000,car[0],20354,0.0010071124,0,4.75259e-05,43,42,30,1
7.5590014964,7.5590014964,10.0.1.106,4000,car[0],12342,0.0009989276,0,0.000732812,44,43,30,1
7.6630078812,7.6630078812,10.0.1.106,4000,car[0],65527,0.0050053124,0,0.00207537,45,44,30,1
7.7690078572,7.7690078572,10.0.1.106,4000,car[0],65497,0.0110052884,0,0.000818734,46,45,30,1
7.8600112812,7.8600112812,10.0.1.106,4000,car[0],34068,0.0020087124,0,0.00042378,47,46,30,1
7.9610053148,7.9610053148,10.0.1.106,4000,car[0],38765,0.003002746,0,0.00255202,48,47,30,1
8.060004282,8.060004282,10.0.1.106,4000,car[0],28657,0.0020017132,0,0.00272945,49,48,30,1
8.1620115844,8.1620115844,10.0.1.106,4000,car[0],65527,0.0040090156,0,0.000797968,50,49,30,1
8.2580094636,8.2580094636,10.0.1.106,4000,car[0],8242,0.0000068948,0,0.00616795,51,50,30,1
8.3580038052,8.3580038052,10.0.1.106,4000,car[0],1464,0.0000012492,0,0.00297163,52,51,30,1
8.459004902,8.459004902,10.0.1.106,4000,car[0],16112,0.0010023332,0,0.0030129,53,52,30,1
8.5620115844,8.5620115844,10.0.1.106,4000,car[0],65527,0.0040090156,0,0.00112032,54,53,30,1
8.660009898,8.660009898,10.0.1.106,4000,car[0],35425,0.0020073292,0,0.00479006,55,54,30,1
8.7600122564,8.7600122564,10.0.1.106,4000,car[0],38247,0.0020096876,0,0.00108948,56,55,30,1
8.8620115844,8.8620115844,10.0.1.106,4000,car[0],65527,0.0040090156,0,0.00160733,57,56,30,1
8.9620109556,8.9620109556,10.0.1.106,4000,car[0],64804,0.0040083868,0,0.00080641,58,57,30,1
9.064007618,9.064007618,10.0.1.106,4000,car[0],5998,0.0000050492,0,0.00670086,59,58,30,1
9.1590081964,9.1590081964,10.0.1.106,4000,car[0],15601,0.0010056276,0,0.00216106,60,59,30,1
9.2600074268,9.2600074268,10.0.1.106,4000,car[0],25062,0.002004858,0,0.00393024,61,60,30,1
9.3650246428,9.3650246428,10.0.1.106,4000,car[0],35340,0.001022074,0,0.00239968,62,61,30,1
9.4610109756,9.4610109756,10.0.1.106,4000,car[0],38189,0.0030084068,0,0.00205084,63,62,30,1
9.559010274,9.559010274,10.0.1.106,4000,car[0],18072,0.0010077052,0,0.00243462,64,63,30,1
9.667013962,9.667013962,10.0.1.106,4000,car[0],41733,0.0090113932,0,0.00159191,65,64,30,1
9.76401035,9.76401035,10.0.1.106,4000,car[0],65527,0.0060077812,0,0.00108693,66,65,30,1
9.86401035,9.86401035,10.0.1.106,4000,car[0],65527,0.0060077812,0,0.00138111,67,66,30,1
9.9730152716,9.9730152716,10.0.1.106,4000,car[0],43307,0.0150127028,0,0.00113638,68,67,30,1
10.06000535,10.06000535,10.0.1.106,4000,car[0],29929,0.0020027812,0,0.00392398,69,68,30,1
10.1610109148,10.1610109148,10.0.1.106,4000,car[0],49953,0.003008346,0,0.00225871,70,69,30,1
10.258012018,10.258012018,10.0.1.106,4000,car[0],11309,0.0000094492,0,7.47344e-05,71,70,30,1
10.3590067252,10.3590067252,10.0.1.106,4000,car[0],18265,0.0010041564,0,0.00132941,72,71,30,1
10.4600126004,10.4600126004,10.0.1.106,4000,car[0],38614,0.0020100316,0,0.0049963,73,72,30,1
10.5590069356,10.5590069356,10.0.1.106,4000,car[0],18528,0.0010043668,0,0.00462894,74,73,30,1
10.6580113796,10.6580113796,10.0.1.106,4000,car[0],10511,0.0000088108,0,0.00482535,75,74,30,1
10.7620115844,10.7620115844,10.0.1.106,4000,car[0],65527,0.0040090156,0,0.0012328,76,75,30,1
10.85800129,10.85800129,10.0.1.106,4000,car[0],416,0.0000004108,0,0.00117098,77,76,30,1
10.9610137708,10.9610137708,10.0.1.106,4000,car[0],53334,0.003011202,0,0.00776262,78,77,30,1
11.0590109076,11.0590109076,10.0.1.106,4000,car[0],23304,0.0010083388,0,0.00337952,79,78,30,1
11.1620115844,11.1620115844,10.0.1.106,4000,car[0],65527,0.0040090156,0,0.0053105,80,79,30,1
11.2600039908,11.2600039908,10.0.1.106,4000,car[0],28293,0.002001422,0,0.000442316,81,80,30,1
11.3620115844,11.3620115844,10.0.1.106,4000,car[0],65527,0.0040090156,0,0.000745041,82,81,30,1
11.4590144484,11.4590144484,10.0.1.106,4000,car[0],27541,0.0010118796,0,0.00043562,83,82,30,1
11.5600096204,11.5600096204,10.0.1.106,4000,car[0],35078,0.0020070516,0,0.00195252,84,83,30,1
11.6620115844,11.6620115844,10.0.1.106,4000,car[0],65527,0.0040090156,0,0.000512889,85,84,30,1
11.7590132772,11.7590132772,10.0.1.106,4000,car[0],26140,0.0010107084,0,0.000235274,86,85,30,1
11.8580011556,11.8580011556,10.0.1.106,4000,car[0],360,0.000000366,0,0.00236068,87,86,30,1
11.9590093404,11.9590093404,10.0.1.106,4000,car[0],21408,0.0010067716,0,0.00305049,88,87,30,1
12.0640090116,12.0640090116,10.0.1.106,4000,car[0],7677,0.0000064428,0,0.00624365,89,88,30,1
12.1600102212,12.1600102212,10.0.1.106,4000,car[0],32806,0.0020076524,0,0.00311415,90,89,30,1
12.2580064468,12.2580064468,10.0.1.106,4000,car[0],4597,0.000003878,0,0.000946112,91,90,30,1
12.3600121508,12.3600121508,10.0.1.106,4000,car[0],35155,0.002009582,0,0.004684,92,91,30,1
12.4580012852,12.4580012852,10.0.1.106,4000,car[0],414,0.0000004092,0,0.000365084,93,92,30,1
12.5580128508,12.5580128508,10.0.1.106,4000,car[0],12287,0.000010282,0,0.000434258,94,93,30,1
12.6590020364,12.6590020364,10.0.1.106,4000,car[0],12567,0.0009994676,0,0.00189997,95,94,30,1
12.7610074124,12.7610074124,10.0.1.106,4000,car[0],41324,0.0030048436,0,0.00651001,96,95,30,1
12.8620078796,12.8620078796,10.0.1.106,4000,car[0],55165,0.0040053108,0,4.8662e-05,97,96,30,1
12.9590090068,12.9590090068,10.0.1.106,4000,car[0],19511,0.001006438,0,3.48214e-05,98,97,30,1
13.0580089916,13.0580089916,10.0.1.106,4000,car[0],7652,0.0000064228,0,0.000250308,99,98,30,1
13.1590086196,13.1590086196,10.0.1.106,4000,car[0],17610,0.0010060508,0,0.000446432,100,99,30,1
13.2590117268,13.2590117268,10.0.1.106,4000,car[0],21305,0.001009158,0,0.00335204,101,100,30,1
13.358005802,13.358005802,10.0.1.106,4000,car[0],3854,0.0000032332,0,0.00140325,102,101,30,1
13.4650314764,13.4650314764,10.0.1.106,4000,car[0],44984,0.0070289076,0,0.00829923,103,102,30,1
13.5580101628,13.5580101628,10.0.1.106,4000,car[0],9053,0.000007594,0,0.00338048,104,103,30,1
13.6580009684,13.6580009684,10.0.1.106,4000,car[0],282,0.0000003036,0,2.86622e-05,105,104,30,1
13.7580044164,13.7580044164,10.0.1.106,4000,car[0],2185,0.0000018476,0,0.00089666,106,105,30,1
13.8590057636,13.8590057636,10.0.1.106,4000,car[0],14166,0.0010031948,0,0.000477468,107,106,30,1
13.9580046724,13.9580046724,10.0.1.106,4000,car[0],2505,0.0000021036,0,0.00127621,108,107,30,1
14.0690115844,14.0690115844,10.0.1.106,4000,car[0],65527,0.0050090156,0,0.00109876,109,108,30,1
14.1650221292,14.1650221292,10.0.1.106,4000,car[0],33804,0.0070195604,0,0.00211547,110,109,30,1
14.2610049284,14.2610049284,10.0.1.106,4000,car[0],33905,0.0030023596,0,0.0128729,111,110,30,1
14.368022694,14.368022694,10.0.1.106,4000,car[0],65527,0.0100201252,0,0.000482477,112,111,30,1
14.4590101052,14.4590101052,10.0.1.106,4000,car[0],19341,0.0010075364,0,0.00147612,113,112,30,1
14.558010406,14.558010406,10.0.1.106,4000,car[0],9357,0.0000078372,0,0.000381001,114,113,30,1
14.6590110668,14.6590110668,10.0.1.106,4000,car[0],20543,0.001008498,0,0.00107472,115,114,30,1
14.7620053188,14.7620053188,10.0.1.106,4000,car[0],44690,0.00400275,0,0.00344778,116,115,30,1
14.8640054124,14.8640054124,10.0.1.106,4000,car[0],65527,0.0060028436,0,0.00256132,117,116,30,1
14.9620101812,14.9620101812,10.0.1.106,4000,car[0],50516,0.0040076124,0,9.55443e-05,118,117,30,1
15.0680093532,15.0680093532,10.0.1.106,4000,car[0],51024,0.0040067844,0,0.00409634,119,118,30,1
15.1580086908,15.1580086908,10.0.1.106,4000,car[0],7339,0.000006122,0,0.000377353,120,119,30,1
15.27201077,15.27201077,10.0.1.106,4000,car[0],29052,0.0140082012,0,0.00866681,121,120,30,1
15.3590106004,15.3590106004,10.0.1.106,4000,car[0],18480,0.0010080316,0,0.000220846,122,121,30,1
15.4650066468,15.4650066468,10.0.1.106,4000,car[0],65527,0.001004078,0,0.00422638,123,122,30,1
15.5590081004,15.5590081004,10.0.1.106,4000,car[0],15481,0.0010055316,0,0.00374928,124,123,30,1
15.6580047732,15.6580047732,10.0.1.106,4000,car[0],2631,0.0000022044,0,0.00101067,125,124,30,1
15.763008374,15.763008374,10.0.1.106,4000,car[0],57263,0.0050058052,0,2.57623e-06,126,125,30,1
15.8610111796,15.8610111796,10.0.1.106,4000,car[0],39920,0.0030086108,0,0.000898473,127,126,30,1
15.9640066468,15.9640066468,10.0.1.106,4000,car[0],65527,0.006004078,0,0.000891269,128,127,30,1
16.0700096172,16.0700096172,10.0.1.106,4000,car[0],8434,0.0000070484,0,0.000647661,129,128,30,1
16.1660227444,16.1660227444,10.0.1.106,4000,car[0],33030,0.0080201756,0,0.00281948,130,129,30,1
16.2650224748,16.2650224748,10.0.1.106,4000,car[0],28253,0.007019906,0,0.00253043,131,130,30,1
16.359004442,16.359004442,10.0.1.106,4000,car[0],6657,0.0010018732,0,0.000836196,132,131,30,1
16.4750128188,16.4750128188,10.0.1.106,4000,car[0],65527,0.01701025,0,0.00345529,133,132,30,1
16.5600069052,16.5600069052,10.0.1.106,4000,car[0],14050,0.0020043364,0,0.000443153,134,133,30,1
16.6680019764,16.6680019764,10.0.1.106,4000,car[0],49542,0.0099994076,0,0.00355647,135,134,30,1
16.7640064092,16.7640064092,10.0.1.106,4000,car[0],34150,0.0060038404,0,0.00055408,136,135,30,1
16.8720339756,16.8720339756,10.0.1.106,4000,car[0],46502,0.0140314068,0,0.000285102,137,136,30,1
16.971004178,16.971004178,10.0.1.106,4000,car[0],65527,0.0130016092,0,0.00524187,138,137,30,1
17.0640111844,17.0640111844,10.0.1.106,4000,car[0],10323,0.0000086156,0,0.000906228,139,138,30,1
17.1680128188,17.1680128188,10.0.1.106,4000,car[0],65527,0.01001025,0,0.00104703,140,139,30,1
17.2600029916,17.2600029916,10.0.1.106,4000,car[0],27765,0.0020004228,0,0.000367517,141,140,30,1
17.3640118316,17.3640118316,10.0.1.106,4000,car[0],11076,0.0000092628,0,0.00337895,142,141,30,1
17.4590080044,17.4590080044,10.0.1.106,4000,car[0],19801,0.0010054356,0,0.000108343,143,142,30,1
17.5590065316,17.5590065316,10.0.1.106,4000,car[0],18023,0.0010039628,0,0.00240295,144,143,30,1
17.6640340076,17.6640340076,10.0.1.106,4000,car[0],37662,0.0000314388,0,0.00209122,145,144,30,1
17.7580103124,17.7580103124,10.0.1.106,4000,car[0],9240,0.0000077436,0,0.00430475,146,145,30,1
17.8590134444,17.8590134444,10.0.1.106,4000,car[0],26349,0.0010108756,0,0.000627423,147,146,30,1
17.9600114204,17.9600114204,10.0.1.106,4000,car[0],37202,0.0020088516,0,0.00152455,148,147,30,1
18.06001081,18.06001081,10.0.1.106,4000,car[0],36502,0.0020082412,0,0.00305016,149,148,30,1
18.1580086852,18.1580086852,10.0.1.106,4000,car[0],7332,0.0000061164,0,0.00255517,150,149,30,1
18.2610059564,18.2610059564,10.0.1.106,4000,car[0],44007,0.0030033876,0,0.00259269,151,150,30,1
18.3620128188,18.3620128188,10.0.1.106,4000,car[0],65527,0.00401025,0,0.00118116,152,151,30,1
18.4590048628,18.4590048628,10.0.1.106,4000,car[0],16063,0.001002294,0,0.00202412,153,152,30,1
18.5580022404,18.5580022404,10.0.1.106,4000,car[0],812,0.0000007276,0,0.00130447,154,153,30,1
18.6620128188,18.6620128188,10.0.1.106,4000,car[0],65527,0.00401025,0,0.00364952,155,154,30,1
18.7590106188,18.7590106188,10.0.1.106,4000,car[0],22943,0.00100805,0,0.00076162,156,155,30,1
18.8620128188,18.8620128188,10.0.1.106,4000,car[0],65527,0.00401025,0,0.000196687,157,156,30,1
18.9590116324,18.9590116324,10.0.1.106,4000,car[0],24147,0.0010090636,0,0.00251316,158,157,30,1
19.0650163468,19.0650163468,10.0.1.106,4000,car[0],26828,0.001013778,0,0.000110962,159,158,30,1
19.16301035,19.16301035,10.0.1.106,4000,car[0],65527,0.0050077812,0,0.000246703,160,159,30,1
19.2590064172,19.2590064172,10.0.1.106,4000,car[0],14920,0.0010038484,0,0.0037911,161,160,30,1
19.3590092436,19.3590092436,10.0.1.106,4000,car[0],18327,0.0010066748,0,0.00101334,162,161,30,1
19.4610078404,19.4610078404,10.0.1.106,4000,car[0],40316,0.0030052716,0,0.000700365,163,162,30,1
19.5590094716,19.5590094716,10.0.1.106,4000,car[0],18612,0.0010069028,0,0.00239733,164,163,30,1
19.6600069836,19.6600069836,10.0.1.106,4000,car[0],27468,0.0020044148,0,0.00124805,165,164,30,1
19.759007666,19.759007666,10.0.1.106,4000,car[0],16418,0.0010050972,0,0.00284208,166,165,30,1
19.8590103948,19.8590103948,10.0.1.106,4000,car[0],19703,0.001007826,0,0.00217304,167,166,30,1
19.9580098652,19.9580098652,10.0.1.106,4000,car[0],8744,0.0000072964,0,0.00261016,168,167,30,1
20.0700128148,20.0700128148,10.0.1.106,4000,car[0],12242,0.000010246,0,0.00277159,169,168,30,1
20.1620075876,20.1620075876,10.0.1.106,4000,car[0],41480,0.0040050188,0,0.000933139,170,169,30,1
20.260006222,20.260006222,10.0.1.106,4000,car[0],22139,0.0020036532,0,0.00585672,171,170,30,1
20.3660054124,20.3660054124,10.0.1.106,4000,car[0],65527,0.0020028436,0,0.00689429,172,171,30,1
20.459009534,20.459009534,10.0.1.106,4000,car[0],17210,0.0010069652,0,0.00427435,173,172,30,1
20.5590059188,20.5590059188,10.0.1.106,4000,car[0],12880,0.00100335,0,0.00200668,174,173,30,1
20.6580084796,20.6580084796,10.0.1.106,4000,car[0],7075,0.0000059108,0,0.000216224,175,174,30,1
20.767005574,20.767005574,10.0.1.106,4000,car[0],30209,0.0090030052,0,0.00363104,176,175,30,1
20.8600066828,20.8600066828,10.0.1.106,4000,car[0],22652,0.002004114,0,0.00230495,177,176,30,1
20.9590087852,20.9590087852,10.0.1.106,4000,car[0],16274,0.0010062164,0,0.00112842,178,177,30,1
21.0850077868,21.0850077868,10.0.1.106,4000,car[0],63929,0.021005218,0,0.00347643,179,178,30,1
21.1590060676,21.1590060676,10.0.1.106,4000,car[0],10106,0.0010034988,0,0.00029724,180,179,30,1
21.268004178,21.268004178,10.0.1.106,4000,car[0],65527,0.0040016092,0,0.00283594,181,180,30,1
21.361004466,21.361004466,10.0.1.106,4000,car[0],22967,0.0030018972,0,0.000616772,182,181,30,1
21.46600571,21.46600571,10.0.1.106,4000,car[0],52579,0.0020031412,0,0.00136672,183,182,30,1
21.559006842,21.559006842,10.0.1.106,4000,car[0],11011,0.0010042732,0,0.00176838,184,183,30,1
21.673031294,21.673031294,10.0.1.106,4000,car[0],55116,0.0150287252,0,0.000670309,185,184,30,1
21.763007282,21.763007282,10.0.1.106,4000,car[0],41161,0.0050047132,0,0.00283554,186,185,30,1
21.858006386,21.858006386,10.0.1.106,4000,car[0],4521,0.0000038172,0,0.0010928,187,186,30,1
21.96200813,21.96200813,10.0.1.106,4000,car[0],34758,0.0040055612,0,0.000152633,188,187,30,1
22.0640067396,22.0640067396,10.0.1.106,4000,car[0],4963,0.0000041708,0,0.00177915,189,188,30,1
22.1610091372,22.1610091372,10.0.1.106,4000,car[0],40394,0.0030065684,0,0.00397114,190,189,30,1
22.2600122636,22.2600122636,10.0.1.106,4000,car[0],32336,0.0020096948,0,0.00151048,191,190,30,1
22.3590086692,22.3590086692,10.0.1.106,4000,car[0],17672,0.0010061004,0,1.4657e-05,192,191,30,1
22.4640012684,22.4640012684,10.0.1.106,4000,car[0],65527,0.0059986996,0,0.000628398,193,192,30,1
22.5580094716,22.5580094716,10.0.1.106,4000,car[0],8252,0.0000069028,0,0.00200123,194,193,30,1
22.6610102132,22.6610102132,10.0.1.106,4000,car[0],41676,0.0030076444,0,0.00727349,195,194,30,1
22.758002718,22.758002718,10.0.1.106,4000,car[0],1011,0.0000008868,0,0.00132715,196,195,30,1
22.8640012684,22.8640012684,10.0.1.106,4000,car[0],65527,0.0059986996,0,0.000630373,197,196,30,1
22.9640012684,22.9640012684,10.0.1.106,4000,car[0],65527,0.0059986996,0,0.00178578,198,197,30,1
23.0640038004,23.0640038004,10.0.1.106,4000,car[0],1462,0.0000012476,0,0.000191804,199,198,30,1
23.1620017868,23.1620017868,10.0.1.106,4000,car[0],31703,0.003999218,0,0.00187668,200,199,30,1
23.2620090156,23.2620090156,10.0.1.106,4000,car[0],38762,0.0040064468,0,0.00782291,201,200,30,1
23.3590070612,23.3590070612,10.0.1.106,4000,car[0],12765,0.0010044924,0,0.0067441,202,201,30,1
23.462007842,23.462007842,10.0.1.106,4000,car[0],37358,0.0040052732,0,0.00262527,203,202,30,1
23.5750251628,23.5750251628,10.0.1.106,4000,car[0],65527,0.017022594,0,0.000184924,204,203,30,1
23.6580066956,23.6580066956,10.0.1.106,4000,car[0],4908,0.0000041268,0,0.00419192,205,204,30,1
23.7660054124,23.7660054124,10.0.1.106,4000,car[0],65527,0.0080028436,0,0.00373554,206,205,30,1
23.8670151036,23.8670151036,10.0.1.106,4000,car[0],38657,0.0090125348,0,0.000969494,207,206,30,1
23.9590072356,23.9590072356,10.0.1.106,4000,car[0],12983,0.0010046668,0,0.00213278,208,207,30,1
24.0760128188,24.0760128188,10.0.1.106,4000,car[0],65527,0.01201025,0,0.00166598,209,208,30,1
24.1610044156,24.1610044156,10.0.1.106,4000,car[0],28824,0.0030018468,0,0.000562708,210,209,30,1
24.2580093316,24.2580093316,10.0.1.106,4000,car[0],8077,0.0000067628,0,0.000468121,211,210,30,1
24.3640109924,24.3640109924,10.0.1.106,4000,car[0],10090,0.0000084236,0,0.00157853,212,211,30,1
24.4590074676,24.4590074676,10.0.1.106,4000,car[0],14753,0.0010048988,0,0.00025199,213,212,30,1
24.5650054124,24.5650054124,10.0.1.106,4000,car[0],65527,0.0070028436,0,0.005293,214,213,30,1
24.6640363268,24.6640363268,10.0.1.106,4000,car[0],40435,0.000033758,0,0.000452649,215,214,30,1
24.7600028404,24.7600028404,10.0.1.106,4000,car[0],18822,0.0020002716,0,0.00265163,216,215,30,1
24.8590080276,24.8590080276,10.0.1.106,4000,car[0],15390,0.0010054588,0,0.000860818,217,216,30,1
24.9590077516,24.9590077516,10.0.1.106,4000,car[0],15045,0.0010051828,0,0.000742001,218,217,30,1
25.070018442,25.070018442,10.0.1.106,4000,car[0],19024,0.0000158732,0,0.00171482,219,218,30,1
25.164004178,25.164004178,10.0.1.106,4000,car[0],65527,0.0060016092,0,0.00339791,220,219,30,1
25.259005762,25.259005762,10.0.1.106,4000,car[0],14164,0.0010031932,0,0.000416044,221,220,30,1
25.363007314,25.363007314,10.0.1.106,4000,car[0],58961,0.0050047452,0,0.00416065,222,221,30,1
25.4590094172,25.4590094172,10.0.1.106,4000,car[0],18544,0.0010068484,0,0.0053865,223,222,30,1
25.5600085596,25.5600085596,10.0.1.106,4000,car[0],27895,0.0020059908,0,0.0038168,224,223,30,1
25.6620059588,25.6620059588,10.0.1.106,4000,car[0],46970,0.00400339,0,0.00086489,225,224,30,1
25.7580033492,25.7580033492,10.0.1.106,4000,car[0],1274,0.0000010972,0,0.0025844,226,225,30,1
25.8590097492,25.8590097492,10.0.1.106,4000,car[0],18959,0.0010071804,0,0.0105069,227,226,30,1
25.964004178,25.964004178,10.0.1.106,4000,car[0],65527,0.0060016092,0,0.00462759,228,227,30,1
26.067003974,26.067003974,10.0.1.106,4000,car[0],28272,0.0030014052,0,0.00489727,229,228,30,1
26.1590046668,26.1590046668,10.0.1.106,4000,car[0],9898,0.001002098,0,5.99655e-06,230,229,30,1
26.2610064428,26.2610064428,10.0.1.106,4000,car[0],29752,0.003003874,0,0.00210247,231,230,30,1
26.363007946,26.363007946,10.0.1.106,4000,car[0],47848,0.0050053772,0,0.000906745,232,231,30,1
26.4680301004,26.4680301004,10.0.1.106,4000,car[0],65527,0.0100275316,0,0.000678163,233,232,30,1
26.5710091156,26.5710091156,10.0.1.106,4000,car[0],65527,0.0130065468,0,0.00387529,234,233,30,1
26.6610097052,26.6610097052,10.0.1.106,4000,car[0],33704,0.0030071364,0,0.00556179,235,234,30,1
26.7670198604,26.7670198604,10.0.1.106,4000,car[0],45865,0.0090172916,0,1.48209e-05,236,235,30,1
26.8650091156,26.8650091156,10.0.1.106,4000,car[0],65527,0.0070065468,0,0.000719715,237,236,30,1
26.9610092204,26.9610092204,10.0.1.106,4000,car[0],33098,0.0030066516,0,0.00336997,238,237,30,1
27.0850078812,27.0850078812,10.0.1.106,4000,car[0],65527,0.0210053124,0,0.0011809,239,238,30,1
27.1640163284,27.1640163284,10.0.1.106,4000,car[0],16445,0.0000137596,0,0.00106058,240,239,30,1
27.2580082164,27.2580082164,10.0.1.106,4000,car[0],6746,0.0000056476,0,0.00104559,241,240,30,1
27.3650008652,27.3650008652,10.0.1.106,4000,car[0],46119,0.0009982964,0,0.00612718,242,241,30,1
27.4610071108,27.4610071108,10.0.1.106,4000,car[0],27627,0.003004542,0,0.000912835,243,242,30,1
27.5600038996,27.5600038996,10.0.1.106,4000,car[0],16339,0.0020013308,0,0.00210172,244,243,30,1
27.6660066468,27.6660066468,10.0.1.106,4000,car[0],65527,0.008004078,0,0.00042445,245,244,30,1
27.7660066468,27.7660066468,10.0.1.106,4000,car[0],65527,0.008004078,0,0.00601784,246,245,30,1
27.8750263972,27.8750263972,10.0.1.106,4000,car[0],65527,0.0170238284,0,0.0014355,247,246,30,1
27.96300711,27.96300711,10.0.1.106,4000,car[0],42426,0.0050045412,0,0.00108383,248,247,30,1
28.0670086492,28.0670086492,10.0.1.106,4000,car[0],45767,0.0030060804,0,0.000397946,249,248,30,1
28.1580094556,28.1580094556,10.0.1.106,4000,car[0],8232,0.0000068868,0,0.00119313,250,249,30,1
28.2600101004,28.2600101004,10.0.1.106,4000,car[0],32655,0.0020075316,0,0.000159827,251,250,30,1
28.3630078812,28.3630078812,10.0.1.106,4000,car[0],65527,0.0050053124,0,0.00238829,252,251,30,1
28.4580021012,28.4580021012,10.0.1.106,4000,car[0],754,0.0000006812,0,0.00610497,253,252,30,1
28.5610025548,28.5610025548,10.0.1.106,4000,car[0],36463,0.002999986,0,0.000337254,254,253,30,1
28.6680177564,28.6680177564,10.0.1.106,4000,car[0],65527,0.0100151876,0,0.0045234,255,254,30,1
28.7630078812,28.7630078812,10.0.1.106,4000,car[0],65527,0.0050053124,0,0.00068554,256,255,30,1
28.8630078812,28.8630078812,10.0.1.106,4000,car[0],65527,0.0050053124,0,0.00471967,257,256,30,1
28.9580059236,28.9580059236,10.0.1.106,4000,car[0],4006,0.0000033548,0,0.000700079,258,257,30,1
29.0640118876,29.0640118876,10.0.1.106,4000,car[0],11146,0.0000093188,0,0.00273695,259,258,30,1
29.1660038812,29.1660038812,10.0.1.106,4000,car[0],25196,0.0080013124,0,0.00384233,260,259,30,1
29.2580090004,29.2580090004,10.0.1.106,4000,car[0],7663,0.0000064316,0,0.00719375,261,260,30,1
29.3650369212,29.3650369212,10.0.1.106,4000,car[0],53018,0.0070343524,0,0.000945051,262,261,30,1
29.4620118268,29.4620118268,10.0.1.106,4000,car[0],59910,0.004009258,0,0.000543896,263,262,30,1
29.562010298,29.562010298,10.0.1.106,4000,car[0],58062,0.0040077292,0,0.000243509,264,263,30,1
29.672018854,29.672018854,10.0.1.106,4000,car[0],43156,0.0080162852,0,0.00117981,265,264,30,1
29.7670144524,29.7670144524,10.0.1.106,4000,car[0],49746,0.0090118836,0,0.00115162,266,265,30,1
29.8630066468,29.8630066468,10.0.1.106,4000,car[0],65527,0.005004078,0,0.000552238,267,266,30,1
29.9630066468,29.9630066468,10.0.1.106,4000,car[0],65527,0.005004078,0,0.000119346,268,267,30,1
30.0710346508,30.0710346508,10.0.1.106,4000,car[0],47331,0.007032082,0,0.000363128,269,268,30,1
30.158010278,30.158010278,10.0.1.106,4000,car[0],9197,0.0000077092,0,0.00085277,270,269,30,1
30.2600078068,30.2600078068,10.0.1.106,4000,car[0],25474,0.002005238,0,0.000861604,271,270,30,1
30.3580068988,30.3580068988,10.0.1.106,4000,car[0],5162,0.00000433,0,0.000282127,272,271,30,1
30.4700572572,30.4700572572,10.0.1.106,4000,car[0],65527,0.0000546884,0,0.000338954,273,272,30,1
30.56604121,30.56604121,10.0.1.106,4000,car[0],65527,0.0080386412,0,0.00872028,274,273,30,1
30.6580041228,30.6580041228,10.0.1.106,4000,car[0],1818,0.000001554,0,0.00421642,275,274,30,1
30.7590082276,30.7590082276,10.0.1.106,4000,car[0],15640,0.0010056588,0,0.00116742,276,275,30,1
30.8580091596,30.8580091596,10.0.1.106,4000,car[0],7862,0.0000065908,0,0.00499553,277,276,30,1
30.9600097852,30.9600097852,10.0.1.106,4000,car[0],27884,0.0020072164,0,0.00151785,278,277,30,1
31.0580022788,31.0580022788,10.0.1.106,4000,car[0],828,0.0000007404,0,0.000378475,279,278,30,1
31.1590075836,31.1590075836,10.0.1.106,4000,car[0],16315,0.0010050148,0,0.00219294,280,279,30,1
31.26301035,31.26301035,10.0.1.106,4000,car[0],65527,0.0050077812,0,0.000690886,281,280,30,1
31.3680202252,31.3680202252,10.0.1.106,4000,car[0],65527,0.0100176564,0,0.00351369,282,281,30,1
31.4590042276,31.4590042276,10.0.1.106,4000,car[0],12309,0.0010016588,0,0.000240215,283,282,30,1
31.5580070732,31.5580070732,10.0.1.106,4000,car[0],5380,0.0000045044,0,0.000189955,284,283,30,1
31.6610100908,31.6610100908,10.0.1.106,4000,car[0],41523,0.003007522,0,0.00816934,285,284,30,1
31.7610111444,31.7610111444,10.0.1.106,4000,car[0],42840,0.0030085756,0,0.00172821,286,285,30,1
31.858005814,31.858005814,10.0.1.106,4000,car[0],3869,0.0000032452,0,0.00113941,287,286,30,1
31.9590059284,31.9590059284,10.0.1.106,4000,car[0],14372,0.0010033596,0,0.00151706,288,287,30,1
32.0700054124,32.0700054124,10.0.1.106,4000,car[0],65527,0.0060028436,0,0.00535414,289,288,30,1
32.1620094268,32.1620094268,10.0.1.106,4000,car[0],48156,0.004006858,0,0.00167283,290,289,30,1
32.2640047804,32.2640047804,10.0.1.106,4000,car[0],61840,0.0060022116,0,0.00332946,291,290,30,1
32.3690152876,32.3690152876,10.0.1.106,4000,car[0],65527,0.0110127188,0,0.00418702,292,291,30,1
32.4610048092,32.4610048092,10.0.1.106,4000,car[0],32276,0.0030022404,0,0.000757953,293,292,30,1
32.5590050844,32.5590050844,10.0.1.106,4000,car[0],11837,0.0010025156,0,0.00188152,294,293,30,1
32.6590090996,32.6590090996,10.0.1.106,4000,car[0],16667,0.0010065308,0,6.12712e-05,295,294,30,1
32.7600036972,32.7600036972,10.0.1.106,4000,car[0],20659,0.0020011284,0,0.00168134,296,295,30,1
32.8590074812,32.8590074812,10.0.1.106,4000,car[0],14763,0.0010049124,0,0.0017854,297,296,30,1
32.9580053044,32.9580053044,10.0.1.106,4000,car[0],3232,0.0000027356,0,0.00022996,298,297,30,1
33.0710461476,33.0710461476,10.0.1.106,4000,car[0],65527,0.0070435788,0,0.000709399,299,298,30,1
33.1590064324,33.1590064324,10.0.1.106,4000,car[0],16419,0.0010038636,0,0.00283389,300,299,30,1
33.2630054124,33.2630054124,10.0.1.106,4000,car[0],65527,0.0050028436,0,0.000146941,301,300,30,1
33.3610049452,33.3610049452,10.0.1.106,4000,car[0],39846,0.0030023764,0,0.000170829,302,301,30,1
33.4600054268,33.4600054268,10.0.1.106,4000,car[0],27065,0.002002858,0,0.00213721,303,302,30,1
33.5590026364,33.5590026364,10.0.1.106,4000,car[0],12817,0.0010000676,0,0.00375816,304,303,30,1
33.6630054124,33.6630054124,10.0.1.106,4000,car[0],65527,0.0050028436,0,0.00201954,305,304,30,1
33.7590109804,33.7590109804,10.0.1.106,4000,car[0],21915,0.0010084116,0,0.00172056,306,305,30,1
33.85900757,33.85900757,10.0.1.106,4000,car[0],17778,0.0010050012,0,0.0046432,307,306,30,1
33.9580088644,33.9580088644,10.0.1.106,4000,car[0],7493,0.0000062956,0,0.00228235,308,307,30,1
34.063004178,34.063004178,10.0.1.106,4000,car[0],65527,0.0050016092,0,0.00387496,309,308,30,1
34.1590077268,34.1590077268,10.0.1.106,4000,car[0],19454,0.001005158,0,0.000290794,310,309,30,1
34.2600034236,34.2600034236,10.0.1.106,4000,car[0],27945,0.0020008548,0,1.22197e-05,311,310,30,1
34.3620115844,34.3620115844,10.0.1.106,4000,car[0],65527,0.0040090156,0,0.00372604,312,311,30,1
34.4590059756,34.4590059756,10.0.1.106,4000,car[0],17391,0.0010034068,0,0.000183098,313,312,30,1
34.5620115844,34.5620115844,10.0.1.106,4000,car[0],65527,0.0040090156,0,0.000578669,314,313,30,1
34.6610123508,34.6610123508,10.0.1.106,4000,car[0],51685,0.003009782,0,0.000133527,315,314,30,1
34.7600039084,34.7600039084,10.0.1.106,4000,car[0],28190,0.0020013396,0,0.00104719,316,315,30,1
34.8620115844,34.8620115844,10.0.1.106,4000,car[0],65527,0.0040090156,0,0.000355028,317,316,30,1
34.9580009156,34.9580009156,10.0.1.106,4000,car[0],260,0.000000286,0,0.000603481,318,317,30,1
35.0620066204,35.0620066204,10.0.1.106,4000,car[0],58094,0.0040040516,0,0.000591201,319,318,30,1
35.1580088204,35.1580088204,10.0.1.106,4000,car[0],7438,0.0000062516,0,0.000244387,320,319,30,1
35.2620115844,35.2620115844,10.0.1.106,4000,car[0],65527,0.0040090156,0,0.0118086,321,320,30,1
35.3580097484,35.3580097484,10.0.1.106,4000,car[0],8598,0.0000071796,0,0.000444054,322,321,30,1
35.4620115844,35.4620115844,10.0.1.106,4000,car[0],65527,0.0040090156,0,0.010054,323,322,30,1
35.560013814,35.560013814,10.0.1.106,4000,car[0],40068,0.0020112452,0,0.00294544,324,323,30,1
35.6580005868,35.6580005868,10.0.1.106,4000,car[0],123,0.0000001764,0,0.000718047,325,324,30,1
35.7580095724,35.7580095724,10.0.1.106,4000,car[0],8378,0.0000070036,0,0.002206,326,325,30,1
35.8580055412,35.8580055412,10.0.1.106,4000,car[0],3528,0.0000029724,0,0.0017324,327,326,30,1
35.9580034572,35.9580034572,10.0.1.106,4000,car[0],1319,0.0000011332,0,0.000128464,328,327,30,1
36.0650461476,36.0650461476,10.0.1.106,4000,car[0],65527,0.0070435788,0,0.00231475,329,328,30,1
36.1620128188,36.1620128188,10.0.1.106,4000,car[0],65527,0.00401025,0,0.000646997,330,329,30,1
36.2620128188,36.2620128188,10.0.1.106,4000,car[0],65527,0.00401025,0,0.00256679,331,330,30,1
36.3580035364,36.3580035364,10.0.1.106,4000,car[0],1352,0.0000011596,0,0.00142268,332,331,30,1
36.4620128188,36.4620128188,10.0.1.106,4000,car[0],65527,0.00401025,0,0.00311286,333,332,30,1
36.5600113796,36.5600113796,10.0.1.106,4000,car[0],37151,0.0020088108,0,0.000536332,334,333,30,1
36.6600054092,36.6600054092,10.0.1.106,4000,car[0],30003,0.0020028404,0,0.00176178,335,334,30,1
36.7600090548,36.7600090548,10.0.1.106,4000,car[0],34371,0.002006486,0,0.00112589,336,335,30,1
36.8580012492,36.8580012492,10.0.1.106,4000,car[0],399,0.0000003972,0,0.000536178,337,336,30,1
36.9580128308,36.9580128308,10.0.1.106,4000,car[0],12262,0.000010262,0,3.37621e-05,338,337,30,1
37.0610117844,37.0610117844,10.0.1.106,4000,car[0],50977,0.0030092156,0,0.000210543,339,338,30,1
37.1610040004,37.1610040004,10.0.1.106,4000,car[0],43105,0.0030014316,0,0.000497949,340,339,30,1
37.2590085396,37.2590085396,10.0.1.106,4000,car[0],20470,0.0010059708,0,0.000443294,341,340,30,1
37.359006226,37.359006226,10.0.1.106,4000,car[0],17704,0.0010036572,0,0.00280152,342,341,30,1
37.4580051916,37.4580051916,10.0.1.106,4000,car[0],3091,0.0000026228,0,0.00238222,343,342,30,1
37.55901017,37.55901017,10.0.1.106,4000,car[0],22382,0.0010076012,0,0.00259707,344,343,30,1
37.6590103684,37.6590103684,10.0.1.106,4000,car[0],22630,0.0010077996,0,0.000986387,345,344,30,1
37.7580064892,37.7580064892,10.0.1.106,4000,car[0],4650,0.0000039204,0,0.000392753,346,345,30,1
37.860008378,37.860008378,10.0.1.106,4000,car[0],33588,0.0020058092,0,0.00558295,347,346,30,1
37.9620115844,37.9620115844,10.0.1.106,4000,car[0],65527,0.0040090156,0,0.00126301,348,347,30,1
38.0580087236,38.0580087236,10.0.1.106,4000,car[0],7368,0.0000061548,0,0.00474601,349,348,30,1
38.1580046468,38.1580046468,10.0.1.106,4000,car[0],2473,0.000002078,0,0.00551045,350,349,30,1
38.2580107564,38.2580107564,10.0.1.106,4000,car[0],9795,0.0000081876,0,0.000184788,351,350,30,1
38.3580099628,38.3580099628,10.0.1.106,4000,car[0],8851,0.000007394,0,0.00141663,352,351,30,1
38.4600095268,38.4600095268,10.0.1.106,4000,car[0],34961,0.002006958,0,0.00027722,353,352,30,1
38.5580103796,38.5580103796,10.0.1.106,4000,car[0],9324,0.0000078108,0,0.000679875,354,353,30,1
38.661007614,38.661007614,10.0.1.106,4000,car[0],45953,0.0030050452,0,5.88228e-05,355,354,30,1
38.7600076364,38.7600076364,10.0.1.106,4000,car[0],32661,0.0020050676,0,0.00590679,356,355,30,1
38.8580057068,38.8580057068,10.0.1.106,4000,car[0],3735,0.000003138,0,0.00076348,357,356,30,1
38.9620115844,38.9620115844,10.0.1.106,4000,car[0],65527,0.0040090156,0,0.00432383,358,357,30,1
39.06600883,39.06600883,10.0.1.106,4000,car[0],31130,0.0020062612,0,0.00207333,359,358,30,1
39.1580070788,39.1580070788,10.0.1.106,4000,car[0],5387,0.00000451,0,0.0154717,360,359,30,1
39.2610071244,39.2610071244,10.0.1.106,4000,car[0],38004,0.0030045556,0,0.00141132,361,360,30,1
39.3630080596,39.3630080596,10.0.1.106,4000,car[0],59830,0.0050054908,0,3.8495e-05,362,361,30,1
39.4590047556,39.4590047556,10.0.1.106,4000,car[0],12969,0.0010021868,0,0.00369327,363,362,30,1
39.5640012684,39.5640012684,10.0.1.106,4000,car[0],65527,0.0059986996,0,0.000113907,364,363,30,1
39.6640012684,39.6640012684,10.0.1.106,4000,car[0],65527,0.0059986996,0,0.00036248,365,364,30,1
39.7690098684,39.7690098684,10.0.1.106,4000,car[0],62028,0.0110072996,0,0.00032994,366,365,30,1
39.8590090852,39.8590090852,10.0.1.106,4000,car[0],18129,0.0010065164,0,0.0011008,367,366,30,1
39.9640012684,39.9640012684,10.0.1.106,4000,car[0],65527,0.0059986996,0,0.000725509,368,367,30,1
40.0670251628,40.0670251628,10.0.1.106,4000,car[0],65527,0.003022594,0,6.29439e-05,369,368,30,1
40.1600089044,40.1600089044,10.0.1.106,4000,car[0],32703,0.0020063356,0,0.00578424,370,369,30,1
40.2600138124,40.2600138124,10.0.1.106,4000,car[0],38586,0.0020112436,0,0.000111687,371,370,30,1
40.35901307,40.35901307,10.0.1.106,4000,car[0],24401,0.0010105012,0,0.00063041,372,371,30,1
40.4590137244,40.4590137244,10.0.1.106,4000,car[0],25156,0.0010111556,0,0.00212568,373,372,30,1
40.563004178,40.563004178,10.0.1.106,4000,car[0],65527,0.0050016092,0,0.00642893,374,373,30,1
40.6580100244,40.6580100244,10.0.1.106,4000,car[0],8880,0.0000074556,0,0.000610218,375,374,30,1
40.7600044828,40.7600044828,10.0.1.106,4000,car[0],27428,0.002001914,0,0.00251568,376,375,30,1
40.863004178,40.863004178,10.0.1.106,4000,car[0],65527,0.0050016092,0,0.00210686,377,376,30,1
40.9590080028,40.9590080028,10.0.1.106,4000,car[0],18319,0.001005434,0,0.00211548,378,377,30,1
41.0680122348,41.0680122348,10.0.1.106,4000,car[0],61900,0.004009666,0,0.000325976,379,378,30,1
41.1580103492,41.1580103492,10.0.1.106,4000,car[0],9286,0.0000077804,0,0.00192595,380,379,30,1
41.259005574,41.259005574,10.0.1.106,4000,car[0],13929,0.0010030052,0,0.00128147,381,380,30,1
41.358001614,41.358001614,10.0.1.106,4000,car[0],551,0.0000005188,0,0.000514462,382,381,30,1
41.4620104052,41.4620104052,10.0.1.106,4000,car[0],55236,0.0040078364,0,0.000311433,383,382,30,1
41.5580048524,41.5580048524,10.0.1.106,4000,car[0],2730,0.0000022836,0,0.00188781,384,383,30,1
41.658005706,41.658005706,10.0.1.106,4000,car[0],3734,0.0000031372,0,0.00454524,385,384,30,1
41.7590046164,41.7590046164,10.0.1.106,4000,car[0],12795,0.0010020476,0,0.00258919,386,385,30,1
41.8610103412,41.8610103412,10.0.1.106,4000,car[0],43316,0.0030077724,0,0.00394003,387,386,30,1
41.9630091156,41.9630091156,10.0.1.106,4000,car[0],65527,0.0050065468,0,0.000465557,388,387,30,1
42.07401205,42.07401205,10.0.1.106,4000,car[0],46869,0.0100094812,0,0.00843088,389,388,30,1
42.1660424444,42.1660424444,10.0.1.106,4000,car[0],65527,0.0080398756,0,0.000649143,390,389,30,1
42.2580059268,42.2580059268,10.0.1.106,4000,car[0],4010,0.000003358,0,0.00520796,391,390,30,1
42.3590091804,42.3590091804,10.0.1.106,4000,car[0],16768,0.0010066116,0,0.00389706,392,391,30,1
42.4630034044,42.4630034044,10.0.1.106,4000,car[0],45697,0.0050008356,0,0.000642502,393,392,30,1
42.5660066468,42.5660066468,10.0.1.106,4000,car[0],65527,0.002004078,0,0.000876045,394,393,30,1
42.6600038028,42.6600038028,10.0.1.106,4000,car[0],19223,0.002001234,0,0.00142434,395,394,30,1
42.7650040036,42.7650040036,10.0.1.106,4000,car[0],62349,0.0070014348,0,0.00112761,396,395,30,1
42.8580014916,42.8580014916,10.0.1.106,4000,car[0],500,0.000000478,0,0.00211393,397,396,30,1
42.9620061988,42.9620061988,10.0.1.106,4000,car[0],39870,0.00400363,0,0.0057383,398,397,30,1
43.0640075836,43.0640075836,10.0.1.106,4000,car[0],5955,0.0000050148,0,0.00279083,399,398,30,1
43.1580009132,43.1580009132,10.0.1.106,4000,car[0],259,0.0000002852,0,0.00077206,400,399,30,1
43.2640345228,43.2640345228,10.0.1.106,4000,car[0],38306,0.000031954,0,0.0012989,401,400,30,1
43.3640054124,43.3640054124,10.0.1.106,4000,car[0],65527,0.0060028436,0,0.00377347,402,401,30,1
43.4640054124,43.4640054124,10.0.1.106,4000,car[0],65527,0.0060028436,0,0.00410995,403,402,30,1
43.5620100996,43.5620100996,10.0.1.106,4000,car[0],50414,0.0040075308,0,7.07484e-05,404,403,30,1
43.6590074132,43.6590074132,10.0.1.106,4000,car[0],16165,0.0010048444,0,0.00570598,405,404,30,1
43.760003894,43.760003894,10.0.1.106,4000,car[0],22252,0.0020013252,0,0.000650382,406,405,30,1
43.860006866,43.860006866,10.0.1.106,4000,car[0],25841,0.0020042972,0,0.00395994,407,406,30,1
43.952000474,43.952000474,10.0.1.106,4000,car[0],76,0.0000001388,0,0.00615831,408,407,30,1
44.0720387412,44.0720387412,10.0.1.106,4000,car[0],65527,0.0080361724,0,0.00107777,409,408,30,1
44.1640265668,44.1640265668,10.0.1.106,4000,car[0],28739,0.000023998,0,0.00190539,410,409,30,1
44.2580023508,44.2580023508,10.0.1.106,4000,car[0],858,0.0000007644,0,0.000367744,411,410,30,1
44.3610038932,44.3610038932,10.0.1.106,4000,car[0],34091,0.0030013244,0,0.000100098,412,411,30,1
44.4610128948,44.4610128948,10.0.1.106,4000,car[0],44902,0.003010326,0,0.00430782,413,412,30,1
44.5650486164,44.5650486164,10.0.1.106,4000,car[0],65527,0.0070460476,0,0.00822619,414,413,30,1
44.6590072404,44.6590072404,10.0.1.106,4000,car[0],15949,0.0010046716,0,0.000519672,415,414,30,1
44.76301035,44.76301035,10.0.1.106,4000,car[0],65527,0.0050077812,0,2.65728e-05,416,415,30,1
44.8590105452,44.8590105452,10.0.1.106,4000,car[0],19891,0.0010079764,0,0.00305711,417,416,30,1
44.96901035,44.96901035,10.0.1.106,4000,car[0],65527,0.0110077812,0,0.000653282,418,417,30,1
45.0580032604,45.0580032604,10.0.1.106,4000,car[0],1237,0.0000010676,0,0.00029347,419,418,30,1
45.1590067644,45.1590067644,10.0.1.106,4000,car[0],16834,0.0010041956,0,0.00685494,420,419,30,1
45.2610054636,45.2610054636,10.0.1.106,4000,car[0],41911,0.0030028948,0,0.00136059,421,420,30,1
45.3580074436,45.3580074436,10.0.1.106,4000,car[0],5843,0.0000048748,0,0.0037769,422,421,30,1
45.463004178,45.463004178,10.0.1.106,4000,car[0],65527,0.0050016092,0,0.0018052,423,422,30,1
45.5580059356,45.5580059356,10.0.1.106,4000,car[0],4021,0.0000033668,0,0.00506588,424,423,30,1
45.6600067588,45.6600067588,10.0.1.106,4000,car[0],30147,0.00200419,0,8.19771e-05,425,424,30,1
45.7590039188,45.7590039188,10.0.1.106,4000,car[0],13403,0.00100135,0,0.00764843,426,425,30,1
45.8580054564,45.8580054564,10.0.1.106,4000,car[0],3422,0.0000028876,0,2.93898e-05,427,426,30,1
45.960006354,45.960006354,10.0.1.106,4000,car[0],29641,0.0020037852,0,0.00702833,428,427,30,1
46.0720202196,46.0720202196,10.0.1.106,4000,car[0],44800,0.0080176508,0,0.00121725,429,428,30,1
46.1590109036,46.1590109036,10.0.1.106,4000,car[0],20339,0.0010083348,0,0.000299443,430,429,30,1
46.2580041908,46.2580041908,10.0.1.106,4000,car[0],1903,0.000001622,0,0.000833259,431,430,30,1
46.360007094,46.360007094,10.0.1.106,4000,car[0],27606,0.0020045252,0,0.00272875,432,431,30,1
46.4590059524,46.4590059524,10.0.1.106,4000,car[0],14402,0.0010033836,0,0.000291005,433,432,30,1
46.5600033972,46.5600033972,10.0.1.106,4000,car[0],23494,0.0020008284,0,0.00455626,434,433,30,1
46.6620060012,46.6620060012,10.0.1.106,4000,car[0],49983,0.0040034324,0,0.000650999,435,434,30,1
46.762010538,46.762010538,10.0.1.106,4000,car[0],55402,0.0040079692,0,0.000155582,436,435,30,1
46.8590065268,46.8590065268,10.0.1.106,4000,car[0],15057,0.001003958,0,0.000381165,437,436,30,1
46.9600123668,46.9600123668,10.0.1.106,4000,car[0],33945,0.002009798,0,0.00478839,438,437,30,1
47.0720375068,47.0720375068,10.0.1.106,4000,car[0],65527,0.014034938,0,0.00113524,439,438,30,1
47.1610120372,47.1610120372,10.0.1.106,4000,car[0],48333,0.0030094684,0,0.00626362,440,439,30,1
47.2580064044,47.2580064044,10.0.1.106,4000,car[0],4544,0.0000038356,0,0.00319964,441,440,30,1
47.3590119196,47.3590119196,10.0.1.106,4000,car[0],23026,0.0010093508,0,0.00232373,442,441,30,1
47.460004842,47.460004842,10.0.1.106,4000,car[0],26397,0.0020022732,0,0.00597536,443,442,30,1
47.5630039772,47.5630039772,10.0.1.106,4000,car[0],62316,0.0050014084,0,0.000764227,444,443,30,1
47.6590085476,47.6590085476,10.0.1.106,4000,car[0],19000,0.0010059788,0,0.00184626,445,444,30,1
47.7580090564,47.7580090564,10.0.1.106,4000,car[0],7733,0.0000064876,0,0.000357253,446,445,30,1
47.86100891,47.86100891,10.0.1.106,4000,car[0],44550,0.0030063412,0,0.0027459,447,446,30,1
47.9580035124,47.9580035124,10.0.1.106,4000,car[0],1342,0.0000011516,0,4.72667e-05,448,447,30,1
48.0650115188,48.0650115188,10.0.1.106,4000,car[0],21045,0.00100895,0,0.000505553,449,448,30,1
48.1630115844,48.1630115844,10.0.1.106,4000,car[0],65527,0.0050090156,0,0.000405674,450,449,30,1
48.2640572572,48.2640572572,10.0.1.106,4000,car[0],65527,0.0000546884,0,0.000440082,451,450,30,1
48.3750115844,48.3750115844,10.0.1.106,4000,car[0],65527,0.0170090156,0,0.00423986,452,451,30,1
48.4610117876,48.4610117876,10.0.1.106,4000,car[0],43581,0.0030092188,0,0.000701153,453,452,30,1
48.5630115844,48.5630115844,10.0.1.106,4000,car[0],65527,0.0050090156,0,0.00012521,454,453,30,1
48.6630115844,48.6630115844,10.0.1.106,4000,car[0],65527,0.0050090156,0,0.00119272,455,454,30,1
48.7630115844,48.7630115844,10.0.1.106,4000,car[0],65527,0.0050090156,0,0.000172998,456,455,30,1
48.858007946,48.858007946,10.0.1.106,4000,car[0],6408,0.0000053772,0,0.00124645,457,456,30,1
48.9630115844,48.9630115844,10.0.1.106,4000,car[0],65527,0.0050090156,0,0.0031433,458,457,30,1
49.0610072828,49.0610072828,10.0.1.106,4000,car[0],45602,0.003004714,0,0.00446039,459,458,30,1
49.1620115844,49.1620115844,10.0.1.106,4000,car[0],65527,0.0040090156,0,0.000534719,460,459,30,1
49.262003066,49.262003066,10.0.1.106,4000,car[0],55916,0.0040004972,0,0.0061593,461,460,30,1
49.3620115844,49.3620115844,10.0.1.106,4000,car[0],65527,0.0040090156,0,0.00496646,462,461,30,1
49.4580087908,49.4580087908,10.0.1.106,4000,car[0],7401,0.000006222,0,0.0010618,463,462,30,1
49.5600046268,49.5600046268,10.0.1.106,4000,car[0],29088,0.002002058,0,0.0051344,464,463,30,1
49.6590097436,49.6590097436,10.0.1.106,4000,car[0],21912,0.0010071748,0,0.000279414,465,464,30,1
49.761011418,49.761011418,10.0.1.106,4000,car[0],51999,0.0030088492,0,0.000928952,466,465,30,1
49.8590041116,49.8590041116,10.0.1.106,4000,car[0],15124,0.0010015428,0,0.000829932,467,466,30,1
49.9600150196,49.9600150196,10.0.1.106,4000,car[0],41512,0.0020124508,0,0.00240467,468,467,30,1
50.0620089628,50.0620089628,10.0.1.106,4000,car[0],62376,0.004006394,0,0.00264245,469,468,30,1
50.1600055684,50.1600055684,10.0.1.106,4000,car[0],31682,0.0020029996,0,0.000209827,470,469,30,1
50.26201035,50.26201035,10.0.1.106,4000,car[0],65527,0.0040077812,0,0.00048288,471,470,30,1
50.3590103916,50.3590103916,10.0.1.106,4000,car[0],22659,0.0010078228,0,0.000282547,472,471,30,1
50.4580088612,50.4580088612,10.0.1.106,4000,car[0],7489,0.0000062924,0,0.0017619,473,472,30,1
50.55800147,50.55800147,10.0.1.106,4000,car[0],491,0.0000004708,0,0.000183297,474,473,30,1
50.66201035,50.66201035,10.0.1.106,4000,car[0],65527,0.0040077812,0,0.000682874,475,474,30,1
50.7600070428,50.7600070428,10.0.1.106,4000,car[0],33462,0.002004474,0,0.00112233,476,475,30,1
50.8580106252,50.8580106252,10.0.1.106,4000,car[0],9631,0.0000080564,0,0.00600195,477,476,30,1
50.9590069716,50.9590069716,10.0.1.106,4000,car[0],18573,0.0010044028,0,5.31878e-05,478,477,30,1
51.0580093116,51.0580093116,10.0.1.106,4000,car[0],8052,0.0000067428,0,0.000255767,479,478,30,1
51.1590073764,51.1590073764,10.0.1.106,4000,car[0],19079,0.0010048076,0,0.000149836,480,479,30,1
51.2600034236,51.2600034236,10.0.1.106,4000,car[0],29425,0.0020008548,0,0.000582405,481,480,30,1
51.3600068364,51.3600068364,10.0.1.106,4000,car[0],33204,0.0020042676,0,0.00268146,482,481,30,1
51.4590074196,51.4590074196,10.0.1.106,4000,car[0],19133,0.0010048508,0,0.00332498,483,482,30,1
51.5590058764,51.5590058764,10.0.1.106,4000,car[0],17267,0.0010033076,0,0.000886037,484,483,30,1
51.66201035,51.66201035,10.0.1.106,4000,car[0],65527,0.0040077812,0,0.00491865,485,484,30,1
51.758010902,51.758010902,10.0.1.106,4000,car[0],9977,0.0000083332,0,0.000643244,486,485,30,1
51.8610134812,51.8610134812,10.0.1.106,4000,car[0],55995,0.0030109124,0,0.00254388,487,486,30,1
51.9580064908,51.9580064908,10.0.1.106,4000,car[0],4652,0.000003922,0,0.0021601,488,487,30,1
52.0600121516,52.0600121516,10.0.1.106,4000,car[0],38116,0.0020095828,0,0.000271186,489,488,30,1
52.159011682,52.159011682,10.0.1.106,4000,car[0],24209,0.0010091132,0,0.000471469,490,489,30,1
52.2580052052,52.2580052052,10.0.1.106,4000,car[0],3108,0.0000026364,0,0.00144412,491,490,30,1
52.35801023,52.35801023,10.0.1.106,4000,car[0],9137,0.0000076612,0,0.00131883,492,491,30,1
52.4590144188,52.4590144188,10.0.1.106,4000,car[0],27504,0.00101185,0,0.000854514,493,492,30,1
52.559008814,52.559008814,10.0.1.106,4000,car[0],20750,0.0010062452,0,0.000446005,494,493,30,1
52.6620115844,52.6620115844,10.0.1.106,4000,car[0],65527,0.0040090156,0,0.00242601,495,494,30,1
52.759005914,52.759005914,10.0.1.106,4000,car[0],17314,0.0010033452,0,0.00235272,496,495,30,1
52.8600058036,52.8600058036,10.0.1.106,4000,car[0],30496,0.0020032348,0,0.00120394,497,496,30,1
52.9620115844,52.9620115844,10.0.1.106,4000,car[0],65527,0.0040090156,0,0.000908485,498,497,30,1
53.0600049532,53.0600049532,10.0.1.106,4000,car[0],29496,0.0020023844,0,0.000789261,499,498,30,1
53.16201035,53.16201035,10.0.1.106,4000,car[0],65527,0.0040077812,0,0.000800874,500,499,30,1
53.26000699,53.26000699,10.0.1.106,4000,car[0],33396,0.0020044212,0,0.00258448,501,500,30,1
53.35900761,53.35900761,10.0.1.106,4000,car[0],19308,0.0010050412,0,0.00230436,502,501,30,1
53.46201035,53.46201035,10.0.1.106,4000,car[0],65527,0.0040077812,0,0.000132329,503,502,30,1
53.5590103068,53.5590103068,10.0.1.106,4000,car[0],22553,0.001007738,0,0.00379009,504,503,30,1
53.6580116524,53.6580116524,10.0.1.106,4000,car[0],10852,0.0000090836,0,0.00022524,505,504,30,1
53.758009214,53.758009214,10.0.1.106,4000,car[0],7930,0.0000066452,0,0.00342616,506,505,30,1
53.8660338036,53.8660338036,10.0.1.106,4000,car[0],65527,0.0080312348,0,0.0017025,507,506,30,1
53.960014266,53.960014266,10.0.1.106,4000,car[0],42113,0.0020116972,0,0.00143321,508,507,30,1
54.0580111372,54.0580111372,10.0.1.106,4000,car[0],10271,0.0000085684,0,0.000791499,509,508,30,1
54.1610107316,54.1610107316,10.0.1.106,4000,car[0],51204,0.0030081628,0,0.001037,510,509,30,1
54.2580101988,54.2580101988,10.0.1.106,4000,car[0],9098,0.00000763,0,0.00231548,511,510,30,1
54.3620115844,54.3620115844,10.0.1.106,4000,car[0],65527,0.0040090156,0,4.06294e-05,512,511,30,1
54.4610129492,54.4610129492,10.0.1.106,4000,car[0],53850,0.0030103804,0,0.000999428,513,512,30,1
54.5580010476,54.5580010476,10.0.1.106,4000,car[0],315,0.00000033,0,0.00291206,514,513,30,1
54.6580127956,54.6580127956,10.0.1.106,4000,car[0],12218,0.0000102268,0,3.95914e-06,515,514,30,1
54.7580080788,54.7580080788,10.0.1.106,4000,car[0],6574,0.00000551,0,0.00355499,516,515,30,1
54.85801179,54.85801179,10.0.1.106,4000,car[0],11024,0.0000092212,0,0.00291244,517,516,30,1
54.9600045404,54.9600045404,10.0.1.106,4000,car[0],28980,0.0020019716,0,0.00715322,518,517,30,1
55.058009666,55.058009666,10.0.1.106,4000,car[0],8495,0.0000070972,0,0.00182719,519,518,30,1
55.16201035,55.16201035,10.0.1.106,4000,car[0],65527,0.0040077812,0,0.00246349,520,519,30,1
55.2600055196,55.2600055196,10.0.1.106,4000,car[0],31621,0.0020029508,0,0.00127598,521,520,30,1
55.3580057452,55.3580057452,10.0.1.106,4000,car[0],3783,0.0000031764,0,0.00187234,522,521,30,1
55.4600035076,55.4600035076,10.0.1.106,4000,car[0],29460,0.0020009388,0,0.00151817,523,522,30,1
55.5620080788,55.5620080788,10.0.1.106,4000,car[0],62814,0.00400551,0,0.00102595,524,523,30,1
55.6590119556,55.6590119556,10.0.1.106,4000,car[0],24551,0.0010093868,0,0.00183536,525,524,30,1
55.7600090708,55.7600090708,10.0.1.106,4000,car[0],35871,0.002006502,0,0.000827272,526,525,30,1
55.8580038876,55.8580038876,10.0.1.106,4000,car[0],1524,0.0000013188,0,0.00234202,527,526,30,1
55.96201035,55.96201035,10.0.1.106,4000,car[0],65527,0.0040077812,0,0.00112009,528,527,30,1
56.0620069004,56.0620069004,10.0.1.106,4000,car[0],58444,0.0040043316,0,0.000727519,529,528,30,1
56.159011802,56.159011802,10.0.1.106,4000,car[0],24359,0.0010092332,0,0.000378876,530,529,30,1
56.26100873,56.26100873,10.0.1.106,4000,car[0],48812,0.0030061612,0,0.000506272,531,530,30,1
56.358006506,56.358006506,10.0.1.106,4000,car[0],4671,0.0000039372,0,0.00395705,532,531,30,1
56.4620115844,56.4620115844,10.0.1.106,4000,car[0],65527,0.0040090156,0,0.000743154,533,532,30,1
56.5660162828,56.5660162828,10.0.1.106,4000,car[0],43028,0.008013714,0,0.0010726,534,533,30,1
56.6610142492,56.6610142492,10.0.1.106,4000,car[0],55412,0.0030116804,0,0.00255186,535,534,30,1
56.7620115844,56.7620115844,10.0.1.106,4000,car[0],65527,0.0040090156,0,0.00184708,536,535,30,1
56.8610043004,56.8610043004,10.0.1.106,4000,car[0],43480,0.0030017316,0,0.000451067,537,536,30,1
56.9600082084,56.9600082084,10.0.1.106,4000,car[0],33376,0.0020056396,0,0.00240696,538,537,30,1
57.0590127028,57.0590127028,10.0.1.106,4000,car[0],25422,0.001010134,0,0.00067536,539,538,30,1
57.1590142452,57.1590142452,10.0.1.106,4000,car[0],25807,0.0010116764,0,0.000431521,540,539,30,1
57.2580058356,57.2580058356,10.0.1.106,4000,car[0],3896,0.0000032668,0,0.00228764,541,540,30,1
57.363004178,57.363004178,10.0.1.106,4000,car[0],65527,0.0050016092,0,0.00298363,542,541,30,1
57.4580058548,57.4580058548,10.0.1.106,4000,car[0],3920,0.000003286,0,0.00324534,543,542,30,1
57.5620051108,57.5620051108,10.0.1.106,4000,car[0],54790,0.004002542,0,0.00257767,544,543,30,1
57.6610043252,57.6610043252,10.0.1.106,4000,car[0],40551,0.0030017564,0,0.000117443,545,544,30,1
57.763004178,57.763004178,10.0.1.106,4000,car[0],65527,0.0050016092,0,0.00117114,546,545,30,1
57.8580082716,57.8580082716,10.0.1.106,4000,car[0],6815,0.0000057028,0,0.00394503,547,546,30,1
57.9610119116,57.9610119116,10.0.1.106,4000,car[0],49656,0.0030093428,0,0.002225,548,547,30,1
58.059011598,58.059011598,10.0.1.106,4000,car[0],24104,0.0010090292,0,0.000785415,549,548,30,1
58.1610128972,58.1610128972,10.0.1.106,4000,car[0],55265,0.0030103284,0,0.00377564,550,549,30,1
58.26201035,58.26201035,10.0.1.106,4000,car[0],65527,0.0040077812,0,0.000174365,551,550,30,1
58.3610067132,58.3610067132,10.0.1.106,4000,car[0],47850,0.0030041444,0,0.000336519,552,551,30,1
58.4590057172,58.4590057172,10.0.1.106,4000,car[0],17068,0.0010031484,0,0.00330218,553,552,30,1
58.5590097284,58.5590097284,10.0.1.106,4000,car[0],21893,0.0010071596,0,0.00187538,554,553,30,1
58.66201035,58.66201035,10.0.1.106,4000,car[0],65527,0.0040077812,0,0.00136268,555,554,30,1
58.7600021084,58.7600021084,10.0.1.106,4000,car[0],28877,0.0019995396,0,0.000773635,556,555,30,1
58.8600094348,58.8600094348,10.0.1.106,4000,car[0],36326,0.002006866,0,0.00555016,557,556,30,1
58.9580143476,58.9580143476,10.0.1.106,4000,car[0],14095,0.0000117788,0,0.00135105,558,557,30,1
59.071014202,59.071014202,10.0.1.106,4000,car[0],25753,0.0070116332,0,0.00178353,559,558,30,1
59.1600093468,59.1600093468,10.0.1.106,4000,car[0],31776,0.002006778,0,0.00335811,560,559,30,1
59.268016522,59.268016522,10.0.1.106,4000,car[0],65527,0.0100139532,0,0.000678751,561,560,30,1
59.3670184964,59.3670184964,10.0.1.106,4000,car[0],56092,0.0090159276,0,0.00101771,562,561,30,1
59.4600115916,59.4600115916,10.0.1.106,4000,car[0],34456,0.0020090228,0,0.000707187,563,562,30,1
59.5630054124,59.5630054124,10.0.1.106,4000,car[0],65527,0.0050028436,0,0.00414965,564,563,30,1
59.6590075148,59.6590075148,10.0.1.106,4000,car[0],17744,0.001004946,0,0.0145495,565,564,30,1
59.7580013116,59.7580013116,10.0.1.106,4000,car[0],425,0.000000418,0,0.000853851,566,565,30,1
59.8590046228,59.8590046228,10.0.1.106,4000,car[0],14283,0.001002054,0,0.00235797,567,566,30,1
59.9600122932,59.9600122932,10.0.1.106,4000,car[0],35333,0.0020097244,0,0.00164832,568,567,30,1
